s腹,ga跋q旄m,ga簿锣笨nキよそへ,ㄏノだ跋┪sw
RPSOMLTLLHMFFBE68CA,j参qGpq,12.98,常カG坝
RPXNMLRKKHMFFCE78CA,Rsq,8.62,常カG坝
RPSNMLSKKHMFFCE38CA,翠Yq@pq,90.83,常カG
RPPNMLMKLHMFFBE47CA,j参qGpq,23.79,常カG
RPPNMLMKLHMFFBE47CA,j参qGpq,8.18,常カG
RPPOMLNJLHMFFBE57CA,s砍qGpq,2.34,常カG坝
RPXNMLSKKHMFFBE78CA,タ鳜q,75.16,常カG
RPOOMLSKKHMFFBE97CA,s砍q|pq,5.94,常カG坝
RPOOMLSKKHMFFBE97CA,s砍q|pq,.42,常カG坝
RPUNMLKLKHMFFBE77CA,き遏憩q,20.77,常カG
RPQOMLLLKHMFFBE57CA,Lwxq@pq,6.25,常カG坝
RPQNMLMJLHMFFBE47CA,N港q,9.37,常カG坝
RPUNMLKLKHMFFAE67CA,Cq,21.31,常カG坝
RPWNMLKLKHMFFAE87CA,Cq,19.26,常カG
RPXNMLKLKHMFFAE97CA,Cq,18.85,常カG
RPUNMLLLKHMFFAE77CA,s地qCpq,17.37,常カG
RPWNMLLLKHMFFAE97CA,痴Уq,5.08,常カG坝
RPVNMLNLKHMFFAE08CA,躬nqTpq,44.00,常カG坝
RPVNMLNLKHMFFAE08CA,躬nqTpq,11.00,常カG坝
RPXNMLQJLHMFFAE48CA,Cq,23.65,常カG
RPROMLQJLHMFFAE97CA,s地qTpq,55.63,常カG
RPRNMLRJLHMFFAE97CA,Cq,28.67,常カG
RPWNMLRJLHMFFAE48CA,Cq,3.92,常カG
RPUNMLTJLHMFFAE48CA,Cq,144.84,常カG坝
RPPOMLTJLHMFFAE08CA,s地qKpq,7.69,常カG坝
RPUNMLNKLHMFFAE97CA,Cq,22.38,常カG
RPXNMLSKKHMFFCE88CA,Щq,12.79,常カG坝
RPXOMLKLKHMFFCE28CA,坎q,14.24,常カG坝
RPROMLLLKHMFFCE77CA,翠MqGpq,51.98,常カG
RPPPMLMLKHMFFCE77CA,郦Lq,129.00,常カG
RPQPMLOLKHMFFCE08CA,粪ヒqGpq,24.21,常カG
RPOOMLLJLHMFFCE37CA,ふ获q,132.35,常カG
RPPOMLLJLHMFFCE47CA,ふ获q,132.26,常カG
RPWOMLLJLHMFFCE18CA,いwq,85.87,常カG
RPWNMLNJLHMFFCE28CA,舅wq@pq,21.92,常カG
RPWNMLNJLHMFFCE28CA,舅wq@pq,20.41,常カG
RPWOMLNJLHMFFCE38CA,蔼Qq,71.00,常カG
RPTOMLTJLHMFFCE68CA,Щq,21.80,常カG
RPXNMLRKKHMFFDE88CA,粪Yq,9.85,常カG坝
RPWOMLSKKHMFFDE98CA,j翠qせpq,4.71,常カG
RPWOMLSKKHMFFDE98CA,j翠qせpq,3.97,常カG
RPPPMLSKKHMFFDE38CA,丶wq,14.63,常カG坝
RPVNMLKLKHMFFDE08CA,Wlずq_]肪pq,12.46,常カG坝
RPWNMLLLKHMFFDE28CA,锭qGpq,21.42,常カG
RPPPMLOLKHMFFDE08CA,粪Yq,3.76,常カG坝
RPTNMLQJLHMFFDE38CA,粪Yq,7.60,常カG
RPTNMLQJLHMFFDE38CA,粪Yq,4.26,常カG坝
RPSPMLQJLHMFFDE48CA,Wвq,19.28,常カGㄤL
RPUNMLQKKHMFFEE58CA,Mキqきpq,90.00,常カG
RPXNMLRKKHMFFEE98CA,s绍qTpq,1.41,常カG坝
RPXNMLRKKHMFFEE98CA,s绍qTpq,1.41,常カG坝
RPXNMLRKKHMFFEE98CA,s褐qEpq,2.23,常カG坝
RPXNMLRKKHMFFEE98CA,s褐qEpq,2.23,常カG坝
RPRPMLRKKHMFFEE58CA,sq,14.02,常カG
RPSPMLRKKHMFFEE68CA,s褐qQpq,22.12,常カG
RPROMLLLKHMFFEE97CA,M伦q,26.93,常カG
RPSOMLLLKHMFFEE08CA,M伦q,27.06,常カG
RPTOMLLLKHMFFEE18CA,M伦q,20.17,常カG
RPUOMLLLKHMFFEE28CA,M伦q,19.98,常カG
RPQOMLNLKHMFFEE08CA,Mキq|pq,29.80,常カG
RPTQMLOLKHMFFEE68CA,褐チq,7.86,常カG
RPUNMLLJLHMFFEE08CA,屡バ璎q,8.96,常カG坝
RPVNMLLJLHMFFEE18CA,屡バ璎q,8.82,常カG坝
RPWNMLLJLHMFFEE28CA,屡バ璎q,14.30,常カG坝
RPXNMLLJLHMFFEE38CA,屡バ璎q,14.01,常カG坝
RPWNMLQJLHMFFEE78CA,|考q,21.51,常カG坝
RPOOMLQJLHMFFEE08CA,|考q,24.43,常カG坝
RPQPMLSJLHMFFEE58CA,屡鳜qGpq,8.72,常カG坝
RPVOMLTJLHMFFEE09CA,岖lqGpq,137.00,常カG
RPUNMLRKKHMFFFE78CA,郴rバq,2.47,D常カG@牍A~跋 ; D常カswGヒ贺乜vノa
RPUNMLRKKHMFFFE78CA,X肖|q,.05,D常カGSwA~跋 ; D常カswGヒ贺乜vノa
RPUNMLRKKHMFFFE78CA,X肖|q,4.15,D常カGSwA~跋 ; D常カswGヒ贺乜vノa
RPSNMLSKKHMFFFE68CA,W柑q,166.31,常カG
RPPOMLKLKHMFFFE77CA,标いq,66.09,常カG
RPUNMLNLKHMFFFE48CA,锭q,73.00,常カG
RPPNMLLJLHMFFFE67CA,そ]q,23.32,常カG
RPPNMLLJLHMFFFE67CA,そ]q,17.21,常カG
RPPNMLLJLHMFFFE67CA,そ]q,20.82,常カG
RPPNMLLJLHMFFFE67CA,そ]q,18.37,常カG
RPRNMLLJLHMFFFE87CA,郴rバq,3.30,D常カG@牍A~跋 ; D常カswGヒ贺乜vノa
RPRNMLLJLHMFFFE87CA,X肖|q,.07,D常カGSwA~跋 ; D常カswGヒ贺乜vノa
RPRNMLLJLHMFFFE87CA,X肖|q,5.53,D常カGSwA~跋 ; D常カswGヒ贺乜vノa
RPRNMLRJLHMFFFE48CA,ゅてq,129.00,常カG坝
RPVOMLQKKHMFFGE98CA,D份pqU垫堕pq,106.00,常カG
RPQNMLRKKHMFFGE48CA,い[q,38.98,常カG
RPQNMLRKKHMFFGE48CA,い[q,.08,常カG
RPTNMLRKKHMFFGE78CA,λl}q,90.00,常カG
RPXNMLRKKHMFFGE56CA,ゅ^q,9.29,常カG
RPROMLRKKHMFFGE68CA,郴sq,11.64,常カG坝
RPUOMLRKKHMFFGE98CA,Cρ份q,56.00,常カG
RPVNMLKLKHMFFGE38CA,地获q,19.52,常カG
RPWNMLLLKHMFFGE58CA,きヒq,31.10,常カG
RPOOMLLLKHMFFGE87CA,きヒq,17.63,常カG
RPUNMLNLKHMFFGE58CA,L榜q,76.21,常カG
RPPNMLOLKHMFFGE18CA,地获q,15.68,常カG
RPTOMLRKKHMFFIE09CA,鞴┈q,57.75,常カG
RPTOMLRKKHMFFIE09CA,鞴┈q,25.68,常カG
RPQNMLKLKHMFFIE08CA,z到q,160.08,常カGA
RPRNMLKLKHMFFIE18CA,z到q,159.28,常カGA
RPQNMLNLKHMFFIE38CA,坚wq,31.88,常カG坝
RPRNMLNLKHMFFIE48CA,坚wq,30.63,常カG坝
RPSNMLNLKHMFFIE58CA,坚wq,30.63,常カG坝
RPSNMLOLKHMFFIE68CA,j旎Lq,2223.00,常カGA
RPPNMLMJLHMFFIE08CA,蠹娆q,98.69,常カG
RPSNMLQJLHMFFIE78CA,_维q,73.52,常カGㄤL
RPSNMLQJLHMFFIE78CA,_维q,63.67,常カGㄤL
RPWNMLQKKHMFFJE66CA,チネq,3.63,常カG
RPSNMLRKKHMFFJE98CA,ゅnq,182.88,常カG
RPPNMLSKKHMFFJE78CA,λ堕q,73.95,D常カGm跋 ; D常カswGA贺乜vノa
RPPNMLSKKHMFFJE78CA,λ堕q,3.61,D常カGm跋 ; D常カswGA贺乜vノa
RPRNMLMLKHMFFJE48CA,坤がq,18.29,常カG
RPVNMLMLKHMFFJE88CA,いsq,99.75,常カG
RPPNMLNLKHMFFJE38CA,タqq,147.16,D常カG@牍A~跋 ; D常カswGヒ贺乜vノa
RPVNMLNJLHMFFJE88CA,tダq,9.56,常カG
RPVNMLNJLHMFFJE88CA,tダq,20.75,常カG
RPTNMLKKLHMFFJE48CA,褐Fq,45.90,常カG
RPTNMLKKLHMFFJE48CA,褐Fq,45.90,常カG
RPTNMLKKLHMFFJE48CA,褐Fq,11.86,常カG
RPTNMLKKLHMFFJE48CA,褐Fq,11.86,常カG
RPSNMLLKLHMFFJE48CA,j打q,348.00,常カGA
RPSNMLLKLHMFFJE48CA,j打q,55.58,常カGA
RPTNMLLKLHMFFJE58CA,j打q,347.00,常カGA
RPTNMLLKLHMFFJE58CA,j打q,55.58,常カGA
RPUNMLLKLHMFFJE68CA,j打q,348.00,常カGA
RPUNMLLKLHMFFJE68CA,j打q,55.58,常カGA
RPVNMLLKLHMFFJE78CA,j打q,348.00,常カGA
RPVNMLLKLHMFFJE78CA,j打q,55.58,常カGA
RPWNMLLKLHMFFJE88CA,j打q,55.58,常カGA
RPWNMLLKLHMFFJE88CA,j打q,352.00,常カGA
RPXNMLLKLHMFFJE98CA,j打q,111.17,常カGA
RPXNMLLKLHMFFJE98CA,j打q,352.00,常カGA
RPOOMLLKLHMFFJE18CA,j打q,352.00,常カGA
RPPOMLLKLHMFFJE28CA,j打q,55.58,常カGA
RPPOMLLKLHMFFJE28CA,j打q,353.00,常カGA
RPQOMLLKLHMFFJE38CA,j打q,354.00,常カGA
RPROMLLKLHMFFJE48CA,j打q,111.17,常カGA
RPROMLLKLHMFFJE48CA,j打q,353.00,常カGA
RPSOMLLKLHMFFJE58CA,j打q,565.00,常カGA
RPTNMLKMLHMFFJE68CA,j打q,1046.00,常カGA
RPTNMLKMLHMFFJE68CA,j打q,55.58,常カGA
RPSNMLRKKHMFFLE56CA,峋兰dq,6.91,常カG
RPSNMLRKKHMFFLE56CA,峋兰dq,6.65,常カG
RPSNMLRKKHMFFLE56CA,峋兰dq,.03,常カG
RPSNMLRKKHMFFLE56CA,峋兰dq,1.37,常カG
RPWNMLRKKHMFFLE96CA,@そq,31.27,常カG
RPUNMLSKKHMFFLE86CA,jdq|考}pq,1086.00,常カGA
RPWNMLLLKHMFFLE09CA,韦蕉楝q,14.28,常カG坝
RPXNMLLLKHMFFLE56CA,せXq,.71,常カG
RPXNMLLLKHMFFLE56CA,せXq,.84,常カG
RPXNMLLLKHMFFLE56CA,せXq,1.08,常カG
RPXNMLLLKHMFFLE56CA,せXq,15.69,常カG
RPXNMLLLKHMFFLE56CA,せXq,.93,常カG
RPXNMLLLKHMFFLE56CA,せXq,.31,常カG
RPXNMLLLKHMFFLE56CA,せXq,.16,常カG
RPUNMLNLKHMFFLE09CA,そqq,95.00,常カG
RPVNMLNLKHMFFLE56CA,そqq,95.00,常カG
RPWNMLNLKHMFFLE66CA,せXq,.71,常カG
RPWNMLNLKHMFFLE66CA,せXq,.84,常カGㄤL
RPWNMLNLKHMFFLE66CA,せXq,1.08,常カG
RPWNMLNLKHMFFLE66CA,せXq,15.69,常カG
RPWNMLNLKHMFFLE66CA,せXq,.93,常カGㄤL
RPWNMLNLKHMFFLE66CA,せXq,.31,常カG
RPWNMLNLKHMFFLE66CA,せXq,.16,常カGㄤL
RPTNMLOLKHMFFLE09CA,[yq,37.91,常カG
RPTNMLOLKHMFFLE09CA,[yq,37.91,常カG
RPQOMLQKLHMFFLE09CA,ず打q,2.38,常カG
RPTOMLQKLHMFFLE76CA,ず打q,10.79,常カG
RPUOMLQKLHMFFLE86CA,ず打q,13.58,常カG
RPVOMLQKLHMFFLE96CA,ず打q,2.38,常カG
RPWOMLQKLHMFFLE07CA,ず打q,10.79,常カG
RPXOMLQKLHMFFLE17CA,ず打q,13.58,常カG
RPOPMLQKLHMFFLE98CA,ず打q,9.50,常カG
RPPPMLQKLHMFFLE09CA,ず打q,43.17,常カG
RPQPMLQKLHMFFLE56CA,ず打q,54.33,常カG
RPOOMLQKKHMFFCE97DA,くRq,49.00,常カG坝
RPROMLQKKHMFFCE28DA,くRq,4.00,常カG坝
RPROMLQKKHMFFCE28DA,くRq,3.00,常カG坝
RPROMLQKKHMFFCE28DA,くRq,21.00,常カG坝
RPPNMLMJLHMFFCE57DA,くRq,33.00,常カG
RPOOMLRJLHMFFCE08DA,翠Yq@pq,93.82,常カG
RPPPMLOLKHMFFEE28DA,[鳜q,40.00,常カG
RPPNMLMJLHMFFEE77DA,GTq,11.00,常カG
RPRNMLRKKHMFFGE68DA,D份pq,22.40,常カG
RPOOMLRKKHMFFGE48DA,D份pq,28.00,常カG
RPROMLMLKHMFFGE38DA,ゅsq,18.04,常カG
RPQOMLLJLHMFFGE08DA,sヒq,69.00,常カG
RPQOMLLJLHMFFGE08DA,sヒq,30.57,常カG
RPQOMLLJLHMFFGE08DA,sヒq,52.00,常カG
RPQOMLLJLHMFFGE08DA,sヒq,52.00,常カG
RPSNMLSKKHMFFLE76DA,Lずq,1000.05,常カGㄤL
RPPOMLSKKHMFFLE56DA,味楝q,63.77,常カG
RPPOMLSKKHMFFLE56DA,味楝q,8.45,常カGㄤL
RPPNMLSKKHMFFHE68DA,F墩Hq,3915.70,D常カG@牍A~跋 ; D常カswGAノa
RPPNMLSKKHMFFHE68DA,F墩Hq,10917.60,D常カG@牍A~跋 ; D常カswGAノa
RPRNMLKLKHMFFGE08DA,匪Hq,4472.67,D常カGsYaO|跋 ; D常カswGAノa
RPUNMLKLKHMFFGE38DA,匪Hq,74.00,D常カGm跋 ; D常カswGA贺乜vノa
RPUNMLKLKHMFFGE38DA,匪Hq,12.50,D常カGm跋 ; D常カswGA贺乜vノa
RPUNMLKLKHMFFGE38DA,匪Hq,11.71,D常カGm跋 ; D常カswGA贺乜vノa
RPPOMLRKKHMFFGE58DA,D份pq,104.00,常カG
RPTNMLMLKHMFFEE28DA,M伦q,1.71,常カG
RPTNMLMLKHMFFEE28DA,M伦q,12.81,常カG
RPOOMLSKKHMFFDE28DA,廿连q,10.01,常カG
RPPNMLKLKHMFFCE47DA,くRq,33.00,常カG坝
RPTNMLKLKHMFFBE77DA,dwq,63.00,常カG
RPVNMLOLKHMFFLE66CA,T订q,83.09,常カG
RPOOMLSKKHMFFLE98CA,嵘墁q,62.81,常カG坝
RPPNMLKLKHMFFLE28CA,峋兰dq,3.04,常カGㄤL
RPPNMLKLKHMFFLE28CA,峋兰dq,18.60,常カG
RPPNMLKLKHMFFLE28CA,峋兰dq,59.00,常カG
RPPNMLQKLHMFFLE88CA,Lずq,3.07,常カGㄤL
RPPNMLKLKHMFFKE18CA,XMq,26.77,常カG
RPPNMLKLKHMFFKE18CA,XMq,86.53,常カG
RPQNMLKLKHMFFKE28CA,λYàq,530.00,D常カGSwA~跋 ; D常カswGAノa
RPUOMLLKLHMFFJE78CA,j打q,55.58,常カGA
RPUOMLLKLHMFFJE78CA,j打q,424.00,常カGA
RPUNMLKKLHMFFJE58CA,褐Fq,91.80,常カG
RPUNMLKKLHMFFJE58CA,褐Fq,23.72,常カG
RPSNMLTJLHMFFJE56CA,浆q,980.00,D常カGSwA~跋 ; D常カswGAノa
RPSNMLKKLHMFFJE38CA,褐Fq,49.32,常カG
RPSNMLKKLHMFFJE38CA,褐Fq,49.32,常カG
RPSNMLKKLHMFFJE38CA,褐Fq,11.86,常カG
RPSNMLKKLHMFFJE38CA,褐Fq,11.86,常カG
RPTNMLLJLHMFFJE48CA,n浆q,8.61,常カG坝
RPUNMLLJLHMFFJE58CA,^s犁q,51.50,D常カGSwA~跋 ; D常カswGヒ贺乜vノa
RPRNMLSKKHMFFJE98CA,_砍q,57.55,D常カG@牍A~跋 ; D常カswGヒ贺乜vノa
RPRNMLSKKHMFFJE98CA,_砍q,13.00,D常カG@牍A~跋 ; D常カswGヒ贺乜vノa
RPWNMLRJLHMFFIE66CA,λ岈q,88.00,常カG
RPTOMLNLKHMFFIE78CA,ゅZq,55.14,常カG
RPVOMLNLKHMFFIE98CA,|^q,91.35,常カG
RPVOMLNLKHMFFIE98CA,|^q,9.04,常カG
RPVOMLNLKHMFFIE98CA,|^q,6.39,常カG
RPPNMLLKLHMFFHE97CA,れ]q,1023.00,D常カG@牍A~跋 ; D常カswGAノa
RPUNMLNLKHMFFIE78CA,`[q,746.81,常カGA
RPUNMLNLKHMFFIE78CA,`[q,66.42,常カGA
RPUNMLNLKHMFFIE78CA,`[q,51.03,常カGA
RPPNMLTKKHMFFIE78CA,ッくq,96.84,常カG
RPQNMLMJLHMFFGE97CA,Cρ份q@ヒpq,.20,常カG
RPQNMLMJLHMFFGE97CA,Cρ份q@ヒpq,20.65,常カG
RPSPMLNLKHMFFGE58CA,榜郴q,66.32,常カG
RPSNMLNJLHMFFGE28CA,D份pq,27.00,常カG
RPTOMLNLKHMFFGE58CA,获稻q,140.89,常カG
RPSNMLOLKHMFFGE48CA,地获q,19.63,常カG
RPUNMLOLKHMFFGE68CA,地获q,18.75,常カG
RPVOMLOLKHMFFGE88CA,Gヒq,74.38,常カG
RPQNMLNLKHMFFGE18CA,きヒq,8.81,常カG坝
RPXPMLKLKHMFFGE78CA,sヒq,111.00,常カG
RPOPMLLLKHMFFGE97CA,きヒq,19.40,常カG
RPOOMLMLKHMFFGE97CA,ísq,65.00,常カG
RPROMLSKKHMFFGE78CA,获稻q,135.45,常カG
RPXOMLSKKHMFFGE76CA,バいァq,71.00,常カG
RPXOMLSKKHMFFGE76CA,バいァq,3.71,常カG
RPXOMLSKKHMFFGE76CA,バいァq,1.55,常カG
RPRPMLSKKHMFFGE88CA,ゅsq,30.58,常カG
RPRPMLSKKHMFFGE88CA,ゅsq,6.27,常カG
RPPNMLKLKHMFFGE77CA,い[q,11.47,常カG
RPPNMLKLKHMFFGE77CA,い[q,11.30,常カG
RPPNMLKLKHMFFGE77CA,い[q,46.23,常カG
RPPNMLKLKHMFFGE77CA,い[q,46.23,常カG
RPSNMLKLKHMFFGE08CA,艏dq,95.22,D常カGm跋 ; D常カswGA贺乜vノa
RPSNMLKLKHMFFGE08CA,艏dq,22.60,D常カGm跋 ; D常カswGA贺乜vノa
RPTOMLRKKHMFFGE88CA,sヒq,25.10,常カG
RPQPMLPKLHMFFFE48CA,P_q,64.13,D常カG@牍A~跋 ; D常カswGヒ贺乜vノa
RPOOMLKLKHMFFFE67CA,打lずq,214.00,D常カGm跋 ; D常カswGA贺乜vノa
RPQOMLKLKHMFFFE87CA,Psq,101.88,常カG
RPTOMLKLKHMFFFE18CA,jくq,131.00,常カG
RPXNMLLLKHMFFFE58CA,古砍q,1278.00,D常カGSwA~跋 ; D常カswGAノa
RPQOMLLLKHMFFFE97CA,Pいq,39.67,常カG
RPQOMLLLKHMFFFE97CA,Pいq,27.12,常カG
RPTNMLKLKHMFFFE08CA,X肖|q,408.00,D常カGSwA~跋 ; D常カswGAノa
RPQPMLQKLHMFFEE48CA,s痴q,26.67,常カG
RPRPMLQKLHMFFEE58CA,Mキqきpq,22.20,常カG
RPSPMLQKLHMFFEE68CA,Mキqきpq,22.35,常カG
RPWOMLSJLHMFFEE09CA,罚常qTpq,137.00,常カG
RPPNMLNKLHMFFEE87CA,w鳜q,23.73,常カG
RPTPMLNKLHMFFEE48CA,屡バいq,14.76,常カG坝
RPWPMLNKLHMFFEE78CA,屡バ璎q,32.23,常カG
RPOQMLNKLHMFFEE08CA,屡バ璎q,22.90,常カG
RPSQMLNKLHMFFEE48CA,s绍q@pq,17.52,常カGㄤL
RPPNMLOKLHMFFEE97CA,s绍q@pq,17.79,常カGㄤL
RPPPMLNJLHMFFEE97CA,s绍qQ|pq,16.38,常カG
RPROMLMJLHMFFEE97CA,褐sq,5.93,常カG坝
RPXOMLMJLHMFFEE58CA,M罚q,31.22,常カG
RPTPMLMJLHMFFEE28CA,屡鳜qTpq,8.10,常カG坝
RPUPMLMJLHMFFEE38CA,Mキqきpq,24.83,常カG
RPVNMLPLKHMFFEE68CA,褐チq,22.12,常カG
RPXNMLPLKHMFFEE88CA,褐チq,21.02,常カG
RPUOMLOLKHMFFEE58CA,谗qTpq,57.00,常カG
RPQNMLMLKHMFFEE87CA,GTq,29.01,常カG
RPSNMLKLKHMFFEE87CA,罚标q|pq,25.00,常カG
RPUNMLKLKHMFFEE08CA,s绍qQGpq,24.07,常カG
RPOOMLKLKHMFFEE57CA,褐チq,79.80,常カG
RPRNMLLLKHMFFEE87CA,s绍qQTpq,11.69,常カG坝
RPSOMLMLKHMFFEE18CA,sq,18.48,常カG
RPTOMLSKKHMFFEE78CA,sq,11.80,常カG坝
RPVNMLRKLHMFFDE78CA,滦供鳜q滦供鳏pq,11.00,常カG坝
RPVNMLRKLHMFFDE78CA,滦供鳜q滦供鳏pq,7.28,常カG
RPWNMLRKLHMFFDE88CA,滦供鳜q滦供鳏pq,11.00,常カG坝
RPWNMLRKLHMFFDE88CA,滦供鳜q滦供鳏pq,7.28,常カG
RPXNMLRKLHMFFDE98CA,滦供鳜q滦供鳏pq,11.00,常カG坝
RPXNMLRKLHMFFDE98CA,滦供鳜q滦供鳏pq,7.28,常カG
RPWOMLNKLHMFFDE58CA,T遏憩q,58.00,常カG
RPWOMLNKLHMFFDE58CA,T遏憩q,15.00,常カGㄤL
RPQNMLOKLHMFFDE97CA,j翠q|pq,24.00,常カG坝
RPWNMLOKLHMFFDE58CA,j肝q@pq,.45,常カG
RPROMLSJLHMFFDE48CA,粪Yq,7.29,常カG坝
RPQPMLTJLHMFFDE58CA,い地q@pq,7.28,常カG坝
RPQNMLKKLHMFFDE57CA,坚Fq,26.34,常カG
RPXNMLLJLHMFFDE28CA,j翠qGpq,10.37,常カG坝
RPUNMLOLKHMFFDE38CA,粪Yq,3.98,常カG坝
RPOOMLLLKHMFFDE57CA,供醅q,20.08,常カG
RPQOMLLLKHMFFDE77CA,供醅q,23.92,常カG
RPSOMLLLKHMFFDE97CA,W_q,14.02,常カG坝
RPUOMLLLKHMFFDE18CA,供醅q,19.90,常カG
RPVOMLLLKHMFFDE28CA,供醅q,23.92,常カG
RPROMLMLKHMFFDE97CA,廿连q,11.32,常カG坝
RPSOMLMLKHMFFDE08CA,廿连q,13.48,常カG坝
RPTOMLMLKHMFFDE18CA,廿连q,10.95,常カG坝
RPUOMLMLKHMFFDE28CA,廿连q,13.41,常カG坝
RPVNMLNLKHMFFDE38CA,T遏憩q@pq,3.45,常カG坝
RPRNMLLLKHMFFDE77CA,供醅q,22.02,常カG
RPQOMLKLKHMFFDE67CA,芈赚q,36.40,常カG坝
RPQNMLKLKHMFFDE57CA,い地qGpq,39.00,常カG
RPQOMLTJLHMFFCE38CA,Rsq,67.00,常カG坝
RPQOMLTJLHMFFCE38CA,Rsq,6.00,常カG坝
RPROMLOKLHMFFCE08CA,┍马q,22.10,常カG
RPRNMLRJLHMFFCE18CA,地q@pq,33.53,常カG
RPVNMLNJLHMFFCE18CA,舅wq@pq,11.22,常カG
RPVNMLNJLHMFFCE18CA,舅wq@pq,6.19,常カG坝
RPRNMLNJLHMFFCE77CA,粪ヒqGpq,30.93,常カG
RPRNMLNJLHMFFCE77CA,粪ヒqGpq,.01,常カG
RPVOMLLJLHMFFCE08CA,くRq,18.00,常カG
RPVOMLLJLHMFFCE08CA,くRq,18.00,常カG
RPVOMLLJLHMFFCE08CA,くRq,9.00,常カG
RPVOMLLJLHMFFCE08CA,くRq,9.00,常カG
RPXNMLNLKHMFFCE48CA,Щq,30.81,常カG
RPSPMLMLKHMFFCE08CA,马鳜q@pq,97.39,常カG
RPQNMLNLKHMFFCE77CA,Щq,23.43,常カG
RPUNMLNLKHMFFCE18CA,风订qGpq,27.56,常カG坝
RPUNMLNLKHMFFCE18CA,风订qGpq,.36,常カGㄤL
RPTNMLLLKHMFFCE87CA,Rsq,2.15,常カG坝
RPPOMLLLKHMFFCE57CA,翠Yq,7.22,常カG
RPPOMLLLKHMFFCE57CA,翠Yq,3.73,常カG
RPPOMLLLKHMFFCE57CA,翠Yq,11.23,常カG
RPSNMLKKLHMFFAE47CA,Cq,23.72,常カG
RPSNMLKLKHMFFAE47CA,s地qKpq,9.78,常カG坝
RPRNMLMLKHMFFAE57CA,岐鳜q,437.00,常カG坝
RPRNMLMLKHMFFAE57CA,岐鳜q,609.00,常カG坝
RPPOMLOLKHMFFAE67CA,岐鳜q,3.17,常カG坝
RPPOMLOLKHMFFAE67CA,岐鳜q,15.62,常カG坝
RPQOMLOLKHMFFAE77CA,砍くq,47.00,常カG坝
RPOOMLMJLHMFFAE27CA,sいq,7.05,常カG坝
RPPNMLSKKHMFFBE97CA,dいq,20.34,常カG坝
RPSNMLNLKHMFFBE87CA,Lバlq,51.00,常カG
RPVNMLNLKHMFFBE18CA,Lwxq@pq,24.48,常カG
SPVNMLNLKHMFFBE28CA,Lwxq@pq,24.48,常カG
RPWOMLSKKHMFFBE78CA,N港q,9.44,常カG坝
RPXOMLSKKHMFFBE88CA,Lバlq,19.10,常カG坝
RPXOMLSKKHMFFBE88CA,Lバlq,19.10,常カG坝
RPSNMLKLKHMFFBE57CA,タ褐q,10.20,常カG
RPSNMLKLKHMFFBE57CA,タ褐q,10.20,常カG
RPQNMLOJLHMFFBE67CA,Lwxq,14.02,常カG
RPVNMLSKKHMFFCE68CA,脖砍q,12.87,常カG
RPRNMLSKKHMFFCE28CA,地q@pq,4.44,常カG
RPRNMLSKKHMFFCE28CA,地q@pq,3.94,常カG坝
RPQNMLKLKHMFFCE47CA,翠Yq,8.90,常カG
RPQNMLKLKHMFFCE47CA,翠Yq,16.70,常カG
RPWNMLKLKHMFFCE08CA,┍马q,30.89,常カG
RPSNMLNKLHMFFBE87CA,LwxqGpq,10.17,常カG
RPSNMLNKLHMFFBE87CA,LwxqGpq,11.93,常カG
RPQNMLNJLHMFFBE57CA,L砍q,50.00,常カG
RPSOMLLLKHMFFBE77CA,s砍qGpq,8.96,常カG坝
RPROMLMLKHMFFBE77CA,き遏憩q,29.68,常カG坝
RPPNMLLLKHMFFBE37CA,タwq,29.27,常カG
RPQNMLNLKHMFFBE67CA,LwxqGpq,23.47,常カG
RPOOMLLJLHMFFBE27CA,Ltq,.99,常カG
RPOOMLLJLHMFFBE27CA,Ltq@pq,20.98,常カG
RPUNMLMJLHMFFAE77CA,sいq,9.33,常カG坝
RPRNMLNJLHMFFAE57CA,砍爵q,29.83,常カG
RPTNMLQJLHMFFAE08CA,s地qKpq,12.05,常カG坝
RPQNMLMLKHMFFAE47CA,epq,15.45,常カG
RPQNMLMLKHMFFAE47CA,epq,.01,常カG
RPQNMLMLKHMFFAE47CA,epq,.01,常カG
RPQNMLMLKHMFFAE47CA,epq,.02,常カG
RPQNMLMLKHMFFAE47CA,epq,.00,常カG
RPXNMLLLKHMFFAE08CA,jaq,39.00,常カG
RPPNMLKLKHMFFAE17CA,Cq,13.33,常カG
RPXNMLTJLHMFFAE78CA,ず暴qTpq,25.00,常カG
RPUNMLRJLHMFFAE28CA,Cq,27.96,常カG
RPVOMLQJLHMFFAE38CA,Cq,51.72,常カG
RPVOMLKLKHMFFCE08CA,Rsq,3.70,常カG坝
RPRNMLTKKHMFFCE38CA,W获q,169.94,常カG
RPVOMLMLKHMFFCE28CA,Щq,13.39,常カG
RPWOMLMLKHMFFCE38CA,Щq,12.32,常カG
RPQNMLMLKHMFFCE67CA,sq,116.00,常カG
RPQNMLMLKHMFFCE67CA,sq,3.00,常カG
RPRPMLMLKHMFFCE97CA,舅wqGpq,8.82,常カG坝
RPVNMLTJLHMFFCE78CA,CqqTpq,132.81,常カG
RPWOMLKLKHMFFDE28CA,廿连q,18.52,常カG
RPXOMLKLKHMFFDE38CA,Wずq,68.04,常カG
RPXNMLLLKHMFFDE38CA,Wいq,10.39,常カG坝
RPPPMLLLKHMFFDE77CA,滦供鳜q滦供鳏pq,7.02,常カG
RPPPMLLLKHMFFDE77CA,供醅q@pq,4.40,常カG
RPSNMLNLKHMFFDE08CA,粪Yq,15.99,常カG坝
RPTNMLNJLHMFFDE08CA,T遏憩q@pq,83.00,常カG坝
RPSNMLQJLHMFFDE28CA,供不q,14.53,常カG
RPQOMLTJLHMFFDE48CA,锭qGpq,15.96,常カG
RPQNMLNKLHMFFDE87CA,乜超q,64.00,常カG坝
RPTNMLNKLHMFFDE18CA,供醅q,10.18,常カG
RPUNMLNKLHMFFDE28CA,粪Yq,15.81,常カG
RPUNMLNKLHMFFDE28CA,粪Yq,2.71,常カG
RPRNMLOKLHMFFDE08CA,惩qq,34.20,常カG
RPRNMLOKLHMFFDE08CA,惩qq,5.42,常カGㄤL
RPPPMLNKLHMFFDE97CA,j翠qGpq,27.52,常カG坝
RPPNMLKLKHMFFEE57CA,w鳜q,16.10,常カG
RPPOMLMLKHMFFEE87CA,gwqTpq,1.99,常カG坝
RPPOMLMLKHMFFEE87CA,M罚q,14.99,常カG坝
RPXNMLKLKHMFFEE38CA,褐チq,13.84,常カG
RPSPMLOLKHMFFEE48CA,sq,66.21,常カG坝
RPQPMLNJLHMFFEE08CA,MキqGpq,5.00,常カG
RPQPMLNJLHMFFEE08CA,MキqGpq,69.00,常カG
RPTNMLPJLHMFFEE38CA,褐sq,6.19,常カG坝
RPRPMLSJLHMFFEE68CA,Mキqきpq,10.12,常カG
RPSPMLSJLHMFFEE78CA,M罚q,21.06,常カG
RPTPMLSJLHMFFEE88CA,k鳜qきpq,320.00,常カG
RPOOMLRKLHMFFEE28CA,オnq,105.00,常カG
RPWNMLKLKHMFFFE38CA,Eヒ瞅q,1538.00,D常カGSwA~跋 ; D常カswGAノa
RPQNMLKLKHMFFFE77CA,￥sq,156.00,常カG
RPOPMLQKLHMFFEE28CA,s绍qKpq,33.55,常カG
RPQNMLNJLHMFFFE97CA,打lずq,1188.00,D常カGsYaO|跋 ; D常カswGAノa
RPRNMLNKLHMFFFE18CA,TPq,79.56,D常カGm跋 ; D常カswGA贺乜vノa
RPPOMLOKLHMFFFE18CA,爵_q,64.00,常カG
RPQPMLSKKHMFFGE78CA,sヒq,26.90,常カG
RPUOMLNLKHMFFGE68CA,榜郴q,93.00,常カG
RPUOMLNLKHMFFGE68CA,获稻q,128.30,常カG
RPVOMLNLKHMFFGE78CA,ゅ^q,41.40,常カG
RPVOMLLLKHMFFGE58CA,获稻q,292.54,常カG
RPSOMLNLKHMFFGE48CA,地获q,25.40,常カG
RPTNMLNJLHMFFGE38CA,获sq螬抱坤pq,56.00,常カG坝
RPTNMLNJLHMFFGE38CA,获sq螬抱坤pq,29.00,常カG坝
RPSOMLQJLHMFFGE68CA,变そq,2408.15,D常カG@牍A~跋 ; D常カswGAノa
RPPNMLRJLHMFFGE38CA,sヒq,24.42,常カG
RPRNMLOLKHMFFGE38CA,地获q,15.80,常カG
RPQNMLKLKHMFFHE97CA,XЮq,1682.00,D常カGSwA~跋 ; D常カswGAノa
RPPNMLKLKHMFFIE97CA,s岽洇璎q,481.54,常カG
RPPNMLKLKHMFFIE97CA,s岽洇璎q,300.89,常カG
RPUNMLKLKHMFFIE48CA,くsq,42.97,常カGA
RPVNMLKLKHMFFIE58CA,くsq,12.63,常カGA
RPRNMLLLKHMFFIE28CA,くqq,71.84,D常カGm跋 ; D常カswGA贺乜vノa
RPRNMLLLKHMFFIE28CA,くqq,71.84,D常カGm跋 ; D常カswGA贺乜vノa
RPPNMLMLKHMFFIE18CA,λ岈q,30.67,常カG
RPUOMLNLKHMFFIE88CA,くKq,28.30,常カG
RPUOMLNLKHMFFIE88CA,くKq,75.00,常カG
RPPOMLRJLHMFFIE68CA,Lずq,179.86,常カG
RPQOMLRJLHMFFIE78CA,sísq,106.52,常カG
RPOOMLNJLHMFFIE18CA,A态q,20.11,常カG
RPRNMLRJLHMFFIE78CA,s衄q,22.51,常カG
RPSNMLRJLHMFFIE88CA,s衄q,14.17,常カG
RPTNMLQJLHMFFIE88CA,坚Xq,158.44,常カG
RPXNMLQJLHMFFIE66CA,s衄q,16.71,常カG
RPPNMLKLKHMFFJE08CA,吏yq,2192.34,D常カGSwA~跋 ; D常カswGAノa
RPRNMLKLKHMFFJE28CA,界褐q,57.69,常カG
RPUNMLNKLHMFFIE78CA,い浆q,348.00,常カG
RPUNMLNKLHMFFIE78CA,い浆q,13.50,常カGㄤL
RPPOMLLLKHMFFJE28CA,褐璎q,91.49,常カG
RPQOMLLLKHMFFJE38CA,褐璎q,107.31,常カG
RPUNMLMLKHMFFJE78CA,Owq,230.07,常カG
RPPOMLMLKHMFFJE38CA,_砍q,20.49,常カGA
RPPOMLMLKHMFFJE38CA,_砍q,501.46,常カGA
RPQOMLMLKHMFFJE48CA,j打q,1047.00,常カGA
RPRNMLNJLHMFFJE48CA,M浆q,.09,常カG
RPRNMLNJLHMFFJE48CA,M浆q,18.57,常カG
RPRNMLNJLHMFFJE48CA,M浆q,.40,常カG
RPOOMLKKLHMFFLE28CA,ず|q,68.45,常カG
RPOOMLKKLHMFFLE28CA,ず|q,20.11,常カG
RPOOMLKKLHMFFLE28CA,ず|q,.24,常カG
RPPOMLKKLHMFFLE38CA,ず|q,67.40,常カG
RPPOMLKKLHMFFLE38CA,ず|q,19.19,常カG
RPPOMLKKLHMFFLE38CA,ず|q,.26,常カG
RPVNMLLJLHMFFLE88CA,Lq,135.05,常カG
RPQNMLMLKHMFFLE58CA,そqqWd}pq,14.55,常カG
RPXNMLMLKHMFFLE66CA,嵘墁q,.06,常カG
RPXNMLMLKHMFFLE66CA,嵘墁q,125.47,常カG
RPPNMLNLKHMFFLE58CA,cl}q,63.21,常カG
RPPNMLNLKHMFFLE58CA,cl}q,17.45,常カG
RPPNMLPJLHMFFLE68CA,韦蕉楝q,76.00,常カG
RPPNMLPJLHMFFLE68CA,韦蕉楝q,21.89,常カG
RPQNMLPJLHMFFLE78CA,韦蕉楝q,81.00,常カG
RPQNMLPJLHMFFLE78CA,韦蕉楝q,23.34,常カG
RPQNMLRJLHMFFLE98CA,jl鳜q,103.00,常カG
RPRNMLRJLHMFFLE09CA,到q,39.74,常カGu
RPRNMLRJLHMFFLE09CA,到q,216.22,常カGu
RPRNMLKLKHMFFCE67DA,马鳜q,1.00,常カG坝
RPRNMLKLKHMFFCE67DA,马鳜q,13.00,常カG坝
RPRNMLKLKHMFFCE67DA,马鳜q,5.00,常カG坝
RPSNMLKLKHMFFCE77DA,马鳜q,4.00,常カG坝
RPSNMLKLKHMFFCE77DA,马鳜q,13.00,常カG坝
RPOOMLKLKHMFFCE47DA,くRq,26.00,常カG坝
RPOOMLKLKHMFFCE47DA,くRq,4.00,常カG坝
RPPOMLSKKHMFFDE38DA,T遏憩q,19.38,常カG
RPPOMLSKKHMFFDE38DA,T遏憩q,1.01,常カG坝
RPWOMLSKKHMFFGE76DA,きヒq,72.00,常カG
RPWOMLSKKHMFFGE76DA,きヒq,13.50,常カG
RPTNMLRKLHMFFEE78DA,オnq,130.50,常カGㄤL
RPTNMLRKLHMFFEE78DA,オnq,1.50,常カGㄤL
RPQNMLKLKHMFFGE97DA,郴Щq,130.27,常カG
RPPNMLRJLHMFFEE28DA,k鳜q|pq,11.50,常カG
RPTNMLKLKHMFFGE28DA,匪Hq,557.67,D常カGsYaO|跋 ; D常カswGAノa
RPTNMLLMLHMFFJE88DA,s堕q,4898.00,D常カGSwA~跋 ; D常カswGB贺乜vノa
RPTNMLLMLHMFFJE88DA,s堕q,1742.00,D常カGSwA~跋 ; D常カswGB贺乜vノa
RPTNMLLMLHMFFJE88DA,s堕q,1350.00,D常カGSwA~跋 ; D常カswG瓣gOwノa
RPTNMLLMLHMFFJE88DA,s堕q,935.00,D常カGSwA~跋 ; D常カswGAノa
RPTNMLLMLHMFFJE88DA,s堕q,286.00,D常カGSwA~跋 ; D常カswGAノa
RPPNMLNLKHMFFKE58DA,N郴q,1563.65,D常カGSwA~跋 ; D常カswGAノa
RPQNMLNLKHMFFKE68DA,N郴q,191.38,D常カGSwA~跋 ; D常カswGAノa
RPTNMLKLKHMFFIE48DA,砍Aq,1556.00,常カGA
RPTNMLNLKHMFFLE09DA,せXq,.71,常カG
RPTNMLNLKHMFFLE09DA,せXq,.84,常カG
RPTNMLNLKHMFFLE09DA,せXq,1.08,常カG
RPTNMLNLKHMFFLE09DA,せXq,15.69,常カG
RPTNMLNLKHMFFLE09DA,せXq,.93,常カG
RPTNMLNLKHMFFLE09DA,せXq,.31,常カG
RPTNMLNLKHMFFLE09DA,せXq,.16,常カG
RPUNMLLJLHMFFLE88DA,jl鳜q,69.00,常カG
RPUNMLLJLHMFFLE88DA,jl鳜q,79.00,常カG
RPUNMLLJLHMFFLE88DA,jl鳜q,23.58,常カG
RPPNMLLJLHMFFKE28DA,绶浆q,23320.00,D常カGsYaO|跋 ; D常カswGAノa
RPTNMLRKLHMFFJE66DA,λnq,.22,常カG
RPTNMLKLKHMFFLE78DA,奸dnq,85.59,常カG
RPOOMLOKLHMFFEE08DA,褐チq,21.72,常カG
RPROMLLLKHMFFFE18DA,j醅q,106.00,常カG
RPQNMLMLKHMFFFE08DA,郅lq,538.00,D常カGSwA~跋 ; D常カswGAノa
RPQNMLMLKHMFFFE08DA,郅lq,485.00,D常カGSwA~跋 ; D常カswGAノa
RPRNMLMLKHMFFFE18DA,ざ关q,95.00,常カG
RPRNMLMLKHMFFFE18DA,ざ关q,6.00,常カG
RPRNMLMLKHMFFFE18DA,ざ关q,7.75,常カG
RPPNMLQJLHMFFFE28DA,jiq,3.00,常カGA
RPPNMLOKLHMFFCE87DA,くRq,73.90,常カG
RPPNMLOKLHMFFCE87DA,くRq,57.70,常カG
RPPNMLOKLHMFFCE87DA,くRq,1.80,常カG
RPUNMLMLKHMFFCE18DA,くRq,27.00,常カG
RPPOMLLLKHMFFBE57DA,Lwxq@pq,25.60,常カG
RPRNMLLJLHMFFLE48CA,}尸q,48.79,常カG
RPQNMLOLKHMFFLE78CA,到q,537.78,常カGㄤL
RPQNMLOLKHMFFLE78CA,到q,1.56,常カGu
RPQNMLOLKHMFFLE78CA,到q,484.05,常カGㄤL
RPQNMLOLKHMFFLE78CA,到q,20.33,常カGㄤL
RPQOMLNJLHMFFLE68CA,ず打q,17.70,常カG
RPXNMLTJLHMFFLE27CA,írq奸{dpq,1866.00,常カGA
RPQNMLNLKHMFFJE48CA,uMq,85.25,常カG
RPRNMLNLKHMFFJE58CA,_砍q,514.08,D常カG ; D常カswG
RPQNMLLLKHMFFJE28CA,チネq,56.46,常カG
RPPNMLLKLHMFFKE28CA,ZLq,2610.00,D常カG此L跋 ; D常カswGAノa
RPTNMLOKLHMFFKE98CA,s{q,32.00,D常カGSwA~跋 ; D常カswGAノa
RPTNMLOKLHMFFKE98CA,s{q,143.38,D常カGSwA~跋 ; D常カswGAノa
RPPNMLRKLHMFFJE78CA,T|q,1975.00,常カGㄤL
RPRNMLNJLHMFFIE38CA,jλq,74.55,常カGㄤL
RPTNMLNJLHMFFIE58CA,蠹娆q,79.04,常カG
RPUNMLNJLHMFFIE68CA,蠹娆q,121.15,常カG
RPQNMLKKLHMFFIE08CA,W_q,35.94,常カG
RPPNMLPKLHMFFIE48CA,くKq,125.00,常カG
RPPNMLOLKHMFFIE38CA,j地q,104.00,常カG
RPTNMLLJLHMFFIE38CA,砍uq,101.00,常カG
RPVNMLLJLHMFFIE58CA,砍uq,91.00,常カG
RPSNMLMLKHMFFIE48CA,_维q,14.21,常カG
RPSNMLMLKHMFFIE48CA,_维q,.29,常カG
RPSNMLMLKHMFFIE48CA,_维q,57.57,常カG
RPQNMLLLKHMFFHE08CA,Xヒq,66.17,D常カGsYaO|跋 ; D常カswG贺乜vノa
RPQNMLLLKHMFFHE08CA,Xヒq,66.17,D常カGsYaO|跋 ; D常カswG贺乜vノa
RPPNMLMLKHMFFHE08CA,YLq,25.95,常カG
RPPNMLMLKHMFFHE08CA,YLq,94.93,常カG
RPRNMLNJLHMFFGE18CA,sヒq,27.79,常カG
RPVNMLRKLHMFFGE09CA,地获q,24.44,常カG
RPVNMLRKLHMFFGE09CA,地获q,1.12,常カG
RPOOMLRKLHMFFGE48CA,地获q,31.25,常カG
RPOOMLRKLHMFFGE48CA,地获q,1.43,常カG
RPPOMLRKLHMFFGE58CA,地获q,19.32,常カG
RPPOMLRKLHMFFGE58CA,地获q,.88,常カG
RPQOMLRKLHMFFGE68CA,地获q,23.30,常カG
RPQOMLRKLHMFFGE68CA,地获q,1.07,常カG
RPROMLRKLHMFFGE78CA,地获q,23.87,常カG
RPROMLRKLHMFFGE78CA,地获q,1.09,常カG
RPSOMLRKLHMFFGE88CA,地获q,24.44,常カG
RPSOMLRKLHMFFGE88CA,地获q,1.12,常カG
RPVNMLRJLHMFFGE98CA,きヒq,60.00,常カG
RPSNMLSJLHMFFGE78CA,奸Hq,2.15,常カG
RPSNMLSJLHMFFGE78CA,奸Hq,26.04,常カG
RPWPMLSJLHMFFGE76CA,ゅsq,19.71,常カG
RPOPMLNLKHMFFGE18CA,Cρ份q@ヒpq,8.67,常カG
RPOPMLNLKHMFFGE18CA,Cρ份q@ヒpq,.04,常カG
RPQPMLNLKHMFFGE38CA,きヒq,24.44,常カG
RPSOMLMLKHMFFGE38CA,D份pqU垫堕pq,42.00,常カG
RPRNMLMLKHMFFGE18CA,ゅ^q,6.64,常カG
RPOQMLKLKHMFFGE97CA,ísq,30.40,常カG
RPTOMLLLKHMFFGE38CA,奸Hq,39.06,常カG
RPQOMLNLKHMFFGE28CA,地获q,23.40,常カG
RPVNMLNKLHMFFFE58CA,TPq,72.69,D常カG@牍A~跋 ; D常カswGAノa
RPVNMLNKLHMFFFE58CA,TPq,169.61,D常カG@牍A~跋 ; D常カswGAノa
RPXNMLNJLHMFFFE68CA,jくq,8.73,常カG
RPRPMLPKLHMFFFE58CA,ホ脸q,42.88,D常カGSwA~跋 ; D常カswG臾Qノa
RPSPMLPKLHMFFFE68CA,ホ脸兼q,2.56,D常カGSwA~跋 ; D常カswG臾Qノa
RPTPMLPKLHMFFFE78CA,フμq,2.50,D常カG@牍A~跋 ; D常カswG臾Qノa
RPUPMLPKLHMFFFE88CA,M衄q,442.14,D常カG@牍A~跋 ; D常カswG臾Qノa
RPUPMLPKLHMFFFE88CA,M衄q,872.31,D常カG@牍A~跋 ; D常カswG臾Qノa
RPPPMLQKLHMFFEE38CA,s痴q,39.78,常カG
RPXOMLQKLHMFFEE09CA,M伦q,23.40,常カG坝
SPXOMLQKLHMFFEE56CA,M伦q,22.69,常カG坝
RPTOMLLLKHMFFFE28CA,jくq,.02,常カGㄤL
RPTOMLLLKHMFFFE28CA,jくq,3.28,常カGㄤL
RPTOMLLLKHMFFFE28CA,jくq,.33,常カGㄤL
RPTOMLLLKHMFFFE28CA,jくq,1.00,常カG
RPTOMLLLKHMFFFE28CA,jくq,.23,常カGㄤL
RPTOMLLLKHMFFFE28CA,jくq,.02,常カGㄤL
RPTOMLLLKHMFFFE28CA,jくq,.08,常カGㄤL
RPTOMLLLKHMFFFE28CA,jくq,1.48,常カGㄤL
RPTOMLLLKHMFFFE28CA,jくq,.08,常カG
RPPOMLLJLHMFFFE77CA,爵_q,1.47,常カG
RPPOMLLJLHMFFFE77CA,爵_q,.17,常カG
RPPOMLLJLHMFFFE77CA,爵_q,4.79,常カG坝
RPPOMLLJLHMFFFE77CA,爵_q,1.55,常カG坝
RPPOMLLJLHMFFFE77CA,いpq,1.08,常カG
RPPOMLLJLHMFFFE77CA,いpq,4.65,常カG
RPPOMLLJLHMFFFE77CA,いpq,1.98,常カG
RPPOMLLJLHMFFFE77CA,wFq,11.22,常カGㄤL
RPPOMLLJLHMFFFE77CA,wFq,9.16,常カG
RPPOMLLJLHMFFFE77CA,wFq,.65,常カGㄤL
RPPOMLLJLHMFFFE77CA,wFq,2.56,常カGㄤL
RPPOMLLJLHMFFFE77CA,wFq,9.72,常カGㄤL
RPPOMLLJLHMFFFE77CA,wFq,2.49,常カGㄤL
RPPOMLLJLHMFFFE77CA,wFq,3.23,常カG
RPRNMLNLKHMFFFE18CA,きヒЮq,1571.00,常カGA
RPRNMLNLKHMFFFE18CA,きヒЮq,116.00,常カGA
RPPOMLTJLHMFFEE48CA,蔼鳜q,82.19,常カG
RPPOMLTJLHMFFEE48CA,蔼鳜q,18.04,常カG
RPXNMLRJLHMFFEE98CA,蔼鳜q,67.10,常カG
RPXNMLRJLHMFFEE98CA,蔼鳜q,24.97,常カGㄤL
RPPOMLQJLHMFFEE18CA,M罚q,24.22,常カG坝
RPSOMLMJLHMFFEE08CA,M罚q,25.53,常カG坝
RPXNMLMJLHMFFEE48CA,屡バ璎q,23.63,常カG
RPRPMLOLKHMFFEE38CA,M罚q,27.61,常カG
RPOOMLPLKHMFFEE08CA,A态q|pq,63.22,常カG
RPPNMLLJLHMFFEE57CA,罚常qTpq,14.68,常カG坝
RPQNMLLJLHMFFEE67CA,罚常qTpq,9.00,常カG坝
RPQPMLNLKHMFFEE18CA,s绍qQTpq,5.88,常カG坝
RPUNMLOLKHMFFEE48CA,罚常qTpq,11.58,常カG坝
RPVNMLOLKHMFFEE58CA,罚常qTpq,14.68,常カG坝
RPXNMLOLKHMFFEE78CA,罚常qGpq,26.30,常カG
RPPOMLLLKHMFFEE77CA,s绍qQTpq,283.00,常カG
RPQOMLMLKHMFFEE97CA,k鳜qせpq,27.47,常カG
RPQNMLNLKHMFFEE97CA,褐sq,7.80,常カG坝
RPTOMLQKLHMFFDE58CA,_瓣q,2.26,常カG坝
RPTOMLQKLHMFFDE58CA,_瓣q,67.01,常カG坝
RPRNMLKKLHMFFDE67CA,坚Fq,35.21,常カG
RPTNMLKKLHMFFDE87CA,坚Fq,23.40,常カG
RPSOMLSJLHMFFDE58CA,粪Yq,25.60,常カG
RPVOMLNJLHMFFDE38CA,鞣喱q,7.18,常カG坝
RPQNMLNJLHMFFDE77CA,供鳜q,135.29,常カGA
RPRNMLNJLHMFFDE87CA,qチq,21.29,常カG
RPWNMLMJLHMFFDE28CA,Wいq,8.10,常カG
RPWNMLMJLHMFFDE28CA,Wいq,1.91,常カG坝
RPXNMLMJLHMFFDE38CA,j肝q@pq,19.05,常カG
RPQNMLLJLHMFFDE57CA,滦供鳜q滦供鳏pq,19.33,常カG
RPQPMLOLKHMFFDE18CA,Wвq,33.54,常カG
RPRPMLOLKHMFFDE28CA,滦供鳜q滦供鳏pq,8.16,常カG
RPRPMLLLKHMFFDE97CA,j伦qTpq,18.35,常カG
RPRPMLLLKHMFFDE97CA,j伦qTpq,8.50,常カG
RPSPMLLLKHMFFDE08CA,T遏憩q|pq,9.26,常カG坝
RPSNMLMLKHMFFDE97CA,粪Yq@pq,10.85,常カG坝
RPPNMLNLKHMFFDE77CA,j抖q,10.36,常カG
RPUOMLKLKHMFFDE08CA,い常qTpq,28.26,常カG
RPTNMLSJLHMFFCE48CA,W获q,129.63,常カG
RPUOMLQJLHMFFCE48CA,Rsq,9.50,常カG坝
RPRNMLMLKHMFFCE77CA,风^qGpq,24.21,常カG
RPRNMLMLKHMFFCE77CA,风^qGpq,9.03,常カG坝
RPSNMLMLKHMFFCE87CA,风^qGpq,19.20,常カG
RPSNMLMLKHMFFCE87CA,风^qGpq,7.16,常カG坝
RPTNMLMLKHMFFCE97CA,风^qGpq,19.20,常カG
RPTNMLMLKHMFFCE97CA,风^qGpq,7.16,常カG坝
RPQNMLLLKHMFFCE57CA,蔼获q,80.00,常カG
RPXNMLLLKHMFFCE28CA,┍l岈q,24.10,常カG
RPVNMLRJLHMFFAE38CA,sいq,17.60,常カG
RPPNMLKKLHMFFAE17CA,s地qTpq,25.83,常カG
RPUOMLNKLHMFFAE08CA,躬いq|pq,42.00,常カG
RPXNMLNLKHMFFAE28CA,躬nq|pq,63.00,常カG
RPQNMLOLKHMFFAE67CA,jFq,76.00,常カG坝
RPTNMLOLKHMFFAE97CA,Cq,12.55,常カG坝
RPPNMLNJLHMFFAE37CA,jΘq,6.87,常カG坝
RPPNMLNJLHMFFAE37CA,jΘq,6.76,常カG
RPQOMLLJLHMFFBE47CA,N港q,4.68,常カG坝
RPQOMLLJLHMFFBE47CA,L砍q,26.75,常カG
RPQOMLLJLHMFFBE47CA,L砍q,16.31,常カG
RPQOMLLJLHMFFBE47CA,L砍q,7.20,常カG
RPROMLMJLHMFFBE67CA,LwxqGpq,4.73,常カG
RPROMLMJLHMFFBE67CA,LwxqGpq,11.52,常カG坝
RPOOMLOLKHMFFBE67CA,dwq,11.92,常カG坝
RPTNMLLLKHMFFBE77CA,s砍q@pq,1.47,常カG坝
RPTNMLLLKHMFFBE77CA,s砍q@pq,.98,常カG坝
RPOOMLLLKHMFFBE37CA,s砍q@pq,15.52,常カG坝
RPPPMLKLKHMFFBE47CA,s砍q@pq,34.00,常カG坝
RPPPMLKLKHMFFBE47CA,s砍q@pq,11.00,常カGㄤL
RPRNMLMLKHMFFBE67CA,き遏憩q,.72,常カG
RPSOMLKLKHMFFCE77CA,W_q,174.60,常カG
RPUOMLKLKHMFFCE97CA,颏浆q,88.00,常カG
RPTNMLNKLHMFFBE97CA,dwq,15.00,常カG
RPQNMLSJLHMFFBE08CA,褐Fq,46.00,常カG
RPQOMLSJLHMFFBE18CA,き遏憩q,16.75,常カG坝
RPQOMLSJLHMFFBE18CA,き遏憩q,8.36,常カG
RPQNMLTJLHMFFBE18CA,s砍q|pq,42.50,常カG坝
RPQNMLTJLHMFFBE18CA,s砍q|pq,41.29,常カG坝
RPRNMLTJLHMFFBE28CA,s砍q|pq,19.12,常カG坝
RPRNMLTJLHMFFBE28CA,s砍q|pq,18.58,常カG坝
RPTNMLTJLHMFFBE48CA,s砍q|pq,21.25,常カG坝
RPTNMLTJLHMFFBE48CA,s砍q|pq,20.65,常カG坝
RPVNMLTJLHMFFBE68CA,j参q@pq,17.94,常カG坝
RPWNMLTJLHMFFBE78CA,j参q@pq,12.21,常カG坝
RPVOMLMLKHMFFBE18CA,Lバlq,67.00,常カG坝
RPPNMLNJLHMFFBE47CA,Lバlq,4.39,常カG坝
RPSNMLMLKHMFFAE67CA,ず暴qTpq,272.00,常カG
RPOOMLMLKHMFFAE37CA,躬いq@pq,59.00,常カG
RPPNMLMLKHMFFAE37CA,Cq,1337.02,常カG坝
RPROMLPKLHMFFAE97CA,Cq,19.32,常カG
RPVNMLNKLHMFFAE08CA,Cq,17.62,常カG
RPPNMLSKLHMFFAE97CA,痴Уq,3.86,常カG坝
RPPOMLRJLHMFFAE87CA,Cq,9.73,常カG
RPUOMLQJLHMFFAE28CA,ず暴qKpq,73.22,常カG
RPPNMLNLKHMFFCE67CA,s获q,72.00,常カG
RPSNMLNLKHMFFCE97CA,颏浆q,28.09,常カG
RPUNMLOLKHMFFCE28CA,Rsq,29.92,常カG
RPTNMLNJLHMFFCE97CA,地q@pq,3.33,常カG
RPTNMLNJLHMFFCE97CA,地q@pq,2.96,常カG坝
RPRNMLMJLHMFFCE67CA,舅wq,32.35,常カG
RPTNMLQKLHMFFCE38CA,┍马q,20.46,常カG
RPUNMLMLKHMFFDE18CA,滦供鳜q滦供鳏pq,68.00,常カG
RPVNMLMLKHMFFDE28CA,WRq,37.92,常カG
RPVNMLMLKHMFFDE28CA,WRq,.00,常カG
RPVNMLMLKHMFFDE28CA,WRq,.01,常カG
RPQNMLMLKHMFFDE77CA,滦供鳜q滦供鳏pq,70.00,常カG
RPVOMLOLKHMFFDE58CA,j翠qGpq,46.00,常カG坝
RPVOMLOLKHMFFDE58CA,j翠qGpq,43.00,常カG坝
RPVOMLOLKHMFFDE58CA,j翠qGpq,43.00,常カG坝
RPVOMLOLKHMFFDE58CA,j翠qGpq,43.00,常カG坝
RPQUMLNLKHMFFDE58CA,j翠q|pq,19.26,常カG坝
RPQNMLOLKHMFFDE97CA,j翠q|pq,5.22,常カG
RPQNMLOLKHMFFDE97CA,j翠q|pq,8.93,常カG
RPOOMLOLKHMFFDE87CA,供醅q,15.50,常カG
RPTOMLMJLHMFFDE08CA,供醅q,22.58,常カG
RPUOMLQKLHMFFDE68CA,い常q|pq,24.80,常カG
RPUNMLOKLHMFFDE38CA,鞣喱q,12.90,常カG
RPUNMLOKLHMFFDE38CA,鞣喱q,69.93,常カG
RPQNMLPKLHMFFDE08CA,j翠qGpq,54.00,常カG
RPQNMLPKLHMFFDE08CA,j翠qGpq,12.00,常カG
RPPOMLNLKHMFFEE97CA,オFq,10.00,常カG
RPPNMLNLKHMFFEE87CA,GTq,25.71,常カG
RPPNMLNLKHMFFEE87CA,GTq,.00,常カG
RPVNMLMLKHMFFEE38CA,M罚q,21.06,常カG
RPTNMLOLKHMFFEE38CA,GTq,33.06,常カG
RPTNMLOLKHMFFEE38CA,GTq,.00,常カG
RPTPMLNLKHMFFEE48CA,垫そqせpq,77.62,常カG
RPXOMLOLKHMFFEE88CA,オ璎q,60.00,常カG
RPXOMLOLKHMFFEE88CA,オ璎q,3.00,常カG
RPVNMLNJLHMFFEE38CA,GTq,24.86,常カGㄤL
RPSNMLQJLHMFFEE38CA,褐チq,9.50,常カG
RPUNMLQJLHMFFEE58CA,s褐qCpq,14.32,常カG
RPPNMLPJLHMFFEE97CA,sq,11.65,常カG
RPSNMLOJLHMFFEE18CA,屡バ璎q,99.00,常カG
RPQNMLRJLHMFFEE28CA,褐チq,16.34,常カG
RPSOMLRJLHMFFEE58CA,sチq,17.42,常カG
RPUNMLSJLHMFFEE78CA,M伦q,1.14,常カG
RPUNMLSJLHMFFEE78CA,M伦q,7.32,常カG
RPPNMLTJLHMFFEE38CA,[鳜q,25.59,常カG
RPUNMLTJLHMFFEE88CA,Mキqきpq,20.71,常カG
RPWNMLTJLHMFFEE09CA,屡バ璎q,14.93,常カG坝
RPXNMLTJLHMFFEE56CA,屡バ璎q,8.82,常カG坝
RPOOMLTJLHMFFEE38CA,屡バ璎q,8.82,常カG坝
RPQNMLKKLHMFFEE67CA,砍订q,8.21,常カG
RPSOMLTJLHMFFEE78CA,M伦q,1.62,常カG坝
RPVNMLNKLHMFFEE48CA,屡バFq,73.82,常カG
RPWNMLOKLHMFFEE68CA,褐チq,18.36,常カG
RPUNMLMLKHMFFFE38CA,tMq,57.45,常カG
RPSOMLQKLHMFFEE58CA,M伦q,1.18,常カG
RPSOMLQKLHMFFEE58CA,M伦q,7.56,常カG
RPVOMLQKLHMFFEE88CA,罚常q@pq,20.66,常カG
RPSNMLLLLHMFFEE08CA,M伦q,2.33,常カG
RPSNMLLLLHMFFEE08CA,M伦q,17.06,常カG
RPWOMLPKLHMFFFE98CA,ホ脸q,126.40,D常カGSwA~跋 ; D常カswG臾Qノa
RPXOMLPKLHMFFFE09CA,ホ脸q,65.71,D常カGSwA~跋 ; D常カswG臾Qノa
RPOPMLPKLHMFFFE28CA,ホ脸q,23.54,D常カGSwA~跋 ; D常カswG臾Qノa
RPPPMLPKLHMFFFE38CA,ホ脸q,28.13,D常カGSwA~跋 ; D常カswG臾Qノa
RPROMLPKLHMFFFE48CA,ホ脸q,27.09,D常カGSwA~跋 ; D常カswG臾Qノa
RPSOMLPKLHMFFFE58CA,ホ脸q,162.52,D常カGSwA~跋 ; D常カswG臾Qノa
RPTOMLPKLHMFFFE68CA,ホ脸q,204.92,D常カGSwA~跋 ; D常カswG臾Qノa
RPUOMLPKLHMFFFE78CA,ホ脸q,141.32,D常カGSwA~跋 ; D常カswG臾Qノa
RPRNMLNJLHMFFFE08CA,xIq,513.34,常カG
RPSNMLNJLHMFFFE18CA,xIq,513.34,常カG
RPTNMLNJLHMFFFE28CA,xIq,513.34,常カG
RPWNMLNLKHMFFGE78CA,Cρ份q,22.39,常カG
RPOOMLNLKHMFFGE08CA,地获q,14.59,常カG
RPPOMLNLKHMFFGE18CA,地获q,23.40,常カG
RPPNMLNLKHMFFGE08CA,λl}q,50.00,常カG
RPUOMLQKLHMFFFE88CA,xIq,39.21,常カG
RPWNMLLJLHMFFGE48CA,郴sq,173.26,常カG
RPROMLNKLHMFFGE38CA,Cρ份q,3.00,常カG
RPROMLNKLHMFFGE38CA,Cρ份q,69.00,常カG
RPPNMLQKLHMFFGE38CA,Cρ份q,34.40,常カG
RPVOMLQKLHMFFGE09CA,jī打q,36.58,常カG
RPWOMLQKLHMFFGE56CA,jī打q,36.11,常カG
RPQNMLMLKHMFFIE28CA,j地q,85.00,常カG
RPQNMLMLKHMFFIE28CA,j地q,10.69,常カG
RPPNMLOLKHMFFHE28CA,YLq,21.67,常カGA
RPPNMLOLKHMFFHE28CA,YLq,46.71,常カGA
RPPNMLLKLHMFFIE08CA,厩堕q,263.45,常カG
RPQNMLLKLHMFFIE18CA,厩堕q,270.99,常カG
RPXOMLRJLHMFFIE86CA,sísq,131.31,常カG
RPROMLRJLHMFFIE88CA,坚Xq,73.50,常カG
RPPOMLLLLHMFFJE38CA,T份榜q,.83,D常カG@牍A~跋 ; D常カswGAノa
RPVNMLOKLHMFFKE56CA,q_q,71.66,D常カGSwA~跋 ; D常カswGAノa
RPVNMLOKLHMFFKE56CA,q_q,61.06,D常カGSwA~跋 ; D常カswGAノa
RPVNMLOKLHMFFKE56CA,q_q,54.52,D常カGSwA~跋 ; D常カswGAノa
RPVNMLOKLHMFFKE56CA,q_q,90.92,D常カGSwA~跋 ; D常カswGAノa
RPQNMLOKLHMFFKE68CA,XMq,112.74,常カG
RPSNMLOKLHMFFKE88CA,s砍q,165.01,D常カGm跋 ; D常カswGA贺乜vノa
RPPNMLMLKHMFFKE38CA,λYàq,1695.00,D常カGSwA~跋 ; D常カswGAノa
RPQNMLNKLHMFFJE48CA,タqq,5.96,D常カG@牍A~跋 ; D常カswGヒ贺乜vノa
RPQNMLNKLHMFFJE48CA,タqq,60.21,D常カG@牍A~跋 ; D常カswGヒ贺乜vノa
RPQNMLNKLHMFFJE48CA,タqq,12.98,D常カG@牍A~跋 ; D常カswGヒ贺乜vノa
RPPNMLMLKHMFFJE28CA,Hq,451.00,常カGu
RPPNMLMLKHMFFJE28CA,Hq,325.00,常カGu
RPPNMLMLKHMFFJE28CA,Hq,177.00,常カGu
RPSNMLNLKHMFFJE68CA,Fよq,95.13,常カG
RPQOMLOKLHMFFIE58CA,く动q,31.03,常カG
RPRNMLLJLHMFFJE28CA,Fよq,96.13,常カG
RPQNMLNJLHMFFLE58CA,T订q,57.95,常カG
RPRNMLMLKHMFFLE68CA,jdq|考}pq,562.00,常カGA
RPSNMLMLKHMFFLE78CA,韦蕉楝q,95.00,常カG
RPSNMLMLKHMFFLE78CA,韦蕉楝q,63.00,常カG
RPSNMLMLKHMFFLE78CA,韦蕉楝q,30.00,常カGㄤL
RPSNMLMLKHMFFLE78CA,韦蕉楝q,43.00,常カGㄤL
RPTNMLMLKHMFFLE88CA,sl郴q,44.00,常カG
RPTNMLMLKHMFFLE88CA,sl郴q,10.00,常カG
RPPOMLOLKHMFFLE78CA,ッ诔q,14.56,常カG
RPPNMLOLKHMFFLE68CA,jdq,814.00,常カGA
RPSOMLLLKHMFFCE97DA,くRq,33.00,常カG
RPTOMLLLKHMFFCE08DA,くRq,46.00,常カG
RPUNMLLJLHMFFDE08DA,j肝q@pq,59.98,常カG
RPVNMLMLKHMFFGE68DA,きヒq,2.14,常カG坝
RPVNMLMLKHMFFGE68DA,きヒq,1.03,常カG坝
RPVNMLMLKHMFFGE68DA,きヒq,9.19,常カG坝
RPVNMLLLKHMFFLE09DA,sl郴q,79.00,常カG
RPTNMLQKLHMFFJE56DA,T|q,84.00,常カG
RPOOMLNKLHMFFIE38DA,岽洮q,77.32,常カG
RPPNMLNLKHMFFIE38DA,A态q,140.00,常カG
RPQNMLOLKHMFFIE58DA,坚Mq,18.21,常カG
RPQNMLOLKHMFFIE58DA,坚Mq,75.84,常カG
RPPNMLOLKHMFFKE68DA,N郴q,669.23,D常カGSwA~跋 ; D常カswGAノa
RPWNMLMLKHMFFGE78DA,い[q,41.41,常カG
RPPOMLMLKHMFFGE18DA,ゅ^q,12.77,常カG
RPQNMLSJLHMFFHE78DA,Xnq,97.81,常カG
RPQNMLMLKHMFFHE28DA,そ]q,78.36,常カG
RPRNMLKLLHMFFDE87DA,j翠qGpq,46.00,常カG
RPRNMLKLLHMFFDE87DA,j翠qGpq,12.00,常カGㄤL
RPTNMLNLKHMFFCE18DA,蔼获q,68.00,常カG
RPVNMLRJLHMFFCE68DA,颏浆q,7.34,常カG坝
RPRNMLOLKHMFFAE87DA,X翠q,5.75,常カGㄤL
RPRNMLOLKHMFFAE87DA,Xzq,24.33,常カGㄤL
RPUNMLOLKHMFFAE18DA,X翠q,29.00,常カGㄤL
RPVNMLMLKHMFFLE09CA,いβq,3287.00,常カGA
RPVNMLMLKHMFFLE09CA,いβq,300.00,常カGㄤL
RPVNMLMLKHMFFLE09CA,いβq,45.00,常カGA
RPOOMLRJLHMFFLE88CA,せXq,10.17,常カG
RPTNMLKKLHMFFLE68CA,s郴q,58.07,常カG
RPPOMLOKLHMFFLE78CA,s莱q,103.81,常カG
RPPNMLOJLHMFFJE38CA,浆q,525.00,常カG
RPVNMLRJLHMFFJE66CA,チネq,4.51,常カG
RPUNMLNLKHMFFJE88CA,褐到q,3660.89,D常カG@牍A~跋 ; D常カswGAノa
RPOOMLMLKHMFFJE28CA,吏yq,221.77,D常カGSwA~跋 ; D常カswGヒ贺乜vノa
RPQNMLMJLHMFFKE38CA,j@q,1739.77,常カG
RPQNMLMJLHMFFKE38CA,j@q,866.76,常カG
RPRNMLMJLHMFFKE48CA,j@q,208.70,常カGㄤL
RPRNMLMJLHMFFKE48CA,j@q,174.08,常カGㄤL
RPSOMLLLLHMFFJE68CA,T份榜q,1.89,D常カG@牍A~跋 ; D常カswGAノa
RPRNMLRKLHMFFJE98CA,いsq,141.66,常カG
RPTOMLRJLHMFFIE09CA,sísq,131.69,常カG
RPVOMLRJLHMFFIE66CA,くiq,621.73,常カG
RPQNMLQJLHMFFIE58CA,QHq,15.02,D常カGm跋 ; D常カswGA贺乜vノa
RPRNMLLKLHMFFIE28CA,λ堕q,722.00,常カGA
RPUOMLQKLHMFFGE98CA,きヒq,35.06,常カG
RPUNMLMLKHMFFIE68CA,伦ポq,72.14,常カG
RPUNMLMLKHMFFIE68CA,伦ポq,1.91,常カG
RPUNMLMLKHMFFIE68CA,伦ポq,.63,常カG
RPUNMLMLKHMFFIE68CA,伦ポq,2.02,常カG
RPOOMLNLKHMFFIE28CA,ínq,68.77,常カG
RPOOMLNLKHMFFIE28CA,ínq,13.18,常カG
RPTNMLNLKHMFFIE68CA,坚wq,30.63,常カG坝
RPROMLOLKHMFFIE68CA,坚Mq,41.88,常カG
RPPPMLOLKHMFFIE58CA,厩堕q,125.33,常カG
RPRNMLOLKHMFFIE58CA,くqq,126.27,D常カGm跋 ; D常カswGA贺乜vノa
RPOPMLNLKHMFFIE38CA,Aq,194.83,常カG
RPPNMLNLKHMFFHE18CA,Xsq,27.01,常カG
RPQPMLKLLHMFFGE18CA,きヒq,14.56,常カG
RPTNMLKKLHMFFGE18CA,获Cq,25.97,常カG
RPPNMLLKLHMFFGE87CA,Cρ份q@ヒpq,25.63,常カG
RPQNMLNKLHMFFGE18CA,地获q,21.40,常カG
RPOQMLSJLHMFFGE68CA,榜郴q,32.20,常カG
RPPNMLTJLHMFFGE58CA,ísq,21.24,常カG
RPPNMLTJLHMFFGE58CA,ísq,.03,常カG
RPXNMLTJLHMFFGE76CA,地获q,25.34,常カG
RPUNMLSJLHMFFGE98CA,地获q,15.36,常カG
RPXNMLLJLHMFFGE58CA,きヒq,27.40,常カG
RPQNMLNJLHMFFGE08CA,地获q,15.36,常カG
RPTOMLQJLHMFFGE78CA,郴sq,10.50,常カG坝
RPUOMLNJLHMFFGE58CA,λl}q,13.65,常カG
RPUOMLNJLHMFFGE58CA,λl}q,.20,常カG
RPWOMLOLKHMFFGE98CA,F订q,46.27,常カG
RPWOMLOLKHMFFGE98CA,F订q,23.45,常カG
RPWNMLKLLHMFFFE48CA,jそq,83.00,常カG
RPQOMLLLLHMFFFE08CA,峋昆鞋q,7175.29,常カG
RPROMLLLLHMFFFE18CA,K伦q,7.92,常カGㄤL
RPROMLLLLHMFFFE18CA,爵nq,30.24,常カGㄤL
RPROMLLLLHMFFFE18CA,KMq,201.00,常カGㄤL
RPROMLLLLHMFFFE18CA,KMq,77.71,常カGㄤL
RPROMLNLKHMFFGE38CA,郴绍q,18.50,常カG
RPROMLNLKHMFFGE38CA,郴绍q,.19,常カGㄤL
RPSNMLNLKHMFFGE38CA,λl}q,3.39,常カG
RPSNMLNLKHMFFGE38CA,λl}q,.92,常カG
RPSNMLNLKHMFFGE38CA,λl}q,15.50,常カG
RPTOMLOKLHMFFFE58CA,Θ\q,70.00,常カG
RPQNMLRJLHMFFFE38CA,j醅q,27.05,常カG
RPOOMLSJLHMFFFE38CA,j醅q,83.00,常カG
RPVOMLPKLHMFFFE88CA,ホ脸q,51.56,D常カGSwA~跋 ; D常カswG臾Qノa
RPVNMLPKLHMFFFE78CA,ホ脸q,22.61,D常カGSwA~跋 ; D常カswG臾Qノa
RPWNMLPKLHMFFFE88CA,ホ脸q,247.31,D常カGSwA~跋 ; D常カswG臾Qノa
RPXNMLPKLHMFFFE98CA,ホ脸q,13.54,D常カGSwA~跋 ; D常カswG臾Qノa
RPOOMLPKLHMFFFE18CA,ホ脸q,27.09,D常カGSwA~跋 ; D常カswG臾Qノa
RPPOMLPKLHMFFFE28CA,ホ脸q,27.09,D常カGSwA~跋 ; D常カswG臾Qノa
RPQOMLPKLHMFFFE38CA,ホ脸q,27.09,D常カGSwA~跋 ; D常カswG臾Qノa
RPOOMLQKLHMFFFE28CA,ホ脸q,27.09,D常カGSwA~跋 ; D常カswG臾Qノa
RPWRMLNKLHMFFEE98CA,|考q,56.56,常カG
RPWRMLNKLHMFFEE98CA,|考q,26.95,常カG
RPQNMLKLLHMFFEE77CA,垫そq@pq,67.50,常カG
RPWNMLMLKHMFFFE58CA,Θ\q,83.00,常カG
RPSNMLNLKHMFFFE28CA,￥sq,32.53,常カG
RPTNMLNLKHMFFFE38CA,辣q,85.94,常カG
RPTNMLLJLHMFFFE08CA,蠛aq,68.00,常カG
RPWNMLLJLHMFFFE38CA,く关q,72.48,常カG
RPQNMLPKLHMFFEE18CA,s绍qQGpq,55.00,常カG
RPRNMLQKLHMFFEE38CA,褐ゅq,46.52,常カG
RPRRMLNKLHMFFEE48CA,s绍qKpq,15.16,常カG
RPUNMLNKLHMFFEE38CA,屡鳜q@pq,27.70,常カG
RPWOMLNKLHMFFEE68CA,GTq,14.75,常カG
RPQOMLTJLHMFFEE58CA,M伦q,1.73,常カG坝
RPUNMLOJLHMFFEE38CA,褐チq,13.84,常カG
RPQOMLRJLHMFFEE38CA,s绍qQGpq,22.29,常カG
RPSOMLQJLHMFFEE48CA,M罚q,25.53,常カG坝
RPTOMLQJLHMFFEE58CA,MキFq,631.75,常カG
RPTOMLQJLHMFFEE58CA,MキFq,3295.62,常カG
RPQOMLQJLHMFFEE28CA,M罚q,26.99,常カG坝
RPVOMLNJLHMFFEE48CA,sチq,16.02,常カG
RPVOMLMJLHMFFEE38CA,褐sq,7.95,常カG坝
RPVNMLMJLHMFFEE28CA,褐sq,11.64,常カG坝
RPQOMLLJLHMFFEE77CA,|考q,17.25,常カG坝
RPVOMLOLKHMFFEE68CA,蔼鳜q,142.29,常カG
RPSNMLLJLHMFFEE87CA,sq,21.84,常カG
RPUOMLNLKHMFFEE48CA,k鳜qせpq,60.00,常カG
RPUOMLNLKHMFFEE48CA,k鳜qせpq,25.00,常カGㄤL
RPRNMLOLKHMFFEE18CA,垫そqせpq,10.36,常カG
RPRNMLNLKHMFFEE08CA,p岈q,10.47,常カG
RPUNMLNLKHMFFEE38CA,屡バ璎q,9.65,常カG坝
RPTOMLNJLHMFFDE18CA,粪Yq@pq,9.19,常カG坝
RPSNMLNJLHMFFDE97CA,滦供鳜q滦供鳏pq,72.00,常カG
RPPOMLMJLHMFFDE67CA,T遏憩qGpq,35.00,常カG坝
RPPOMLMJLHMFFDE67CA,T遏憩qGpq,11.00,常カGㄤL
RPQNMLMJLHMFFDE67CA,WRq,31.98,常カG
RPWOMLQJLHMFFDE78CA,j翠qTpq,26.40,常カGㄤL
RPXOMLQJLHMFFDE88CA,粪Yq@pq,9.66,常カG坝
RPVNMLKKLHMFFDE08CA,坚Fq,25.52,常カG
RPROMLTJLHMFFDE58CA,滦供鳜q滦供鳏@pq,21.77,常カG坝
RPTOMLTJLHMFFDE78CA,滦供鳜q滦供鳏@pq,25.71,常カG坝
RPROMLOLKHMFFDE18CA,供醅q,13.78,常カG
RPVNMLOLKHMFFDE48CA,Wいq,93.21,常カG坝
RPWNMLNLKHMFFDE48CA,芈赚q,12.35,常カG
RPUOMLKLLHMFFCE08CA,ふvq,299.00,常カG
RPRPMLNKLHMFFCE08CA,风订q@pq,27.00,常カG
RPXNMLKKLHMFFCE18CA,舅wq@pq,19.58,常カG坝
RPXNMLKKLHMFFCE18CA,舅wq@pq,6.07,常カG
RPXNMLLJLHMFFCE18CA,Щq,7.17,常カG
RPPOMLNJLHMFFCE67CA,蟾努qTpq,.14,常カG
RPSNMLRJLHMFFCE28CA,郦Lq,12.97,常カG坝
RPTOMLRJLHMFFCE48CA,くRq,44.00,常カG
RPTOMLRJLHMFFCE48CA,くRq,4.00,常カG
RPTOMLRJLHMFFCE48CA,くRq,11.00,常カG
RPOPMLKKLHMFFCE47CA,风订q|pq,23.06,常カG
RPPPMLKKLHMFFCE57CA,风订q|pq,29.16,常カG
RPQPMLKKLHMFFCE67CA,风订q|pq,23.74,常カG
RPRPMLKKLHMFFCE77CA,风订q|pq,29.50,常カG
RPSPMLKKLHMFFCE87CA,风订q|pq,23.06,常カG
RPTPMLKKLHMFFCE97CA,风订q|pq,13.22,常カG
RPPNMLOLKHMFFCE77CA,风订qTpq,27.74,常カG
RPPNMLOLKHMFFCE77CA,风订qTpq,1.83,常カG坝
RPWNMLNLKHMFFCE38CA,地q@pq,25.58,常カG
RPPNMLPJLHMFFAE57CA,sいq,11.97,常カG坝
RPTOMLQJLHMFFAE18CA,s_q,25.03,常カG
RPQOMLQJLHMFFAE87CA,躬いqきpq,19.14,常カG
RPQOMLQJLHMFFAE87CA,躬いqきpq,5.81,常カG
RPSNMLSJLHMFFAE18CA,Cq,10.35,常カG
RPSOMLTJLHMFFAE38CA,sいq,47.48,常カG
RPTNMLKLLHMFFAE67CA,s地qKpq,12.74,常カG
RPSNMLLLLHMFFAE67CA,Cq,28.72,常カG
RPQNMLQKLHMFFAE87CA,躬nq@pq,10.53,常カG坝
RPRNMLQKLHMFFAE97CA,躬nq@pq,10.53,常カG坝
RPQPMLOLKHMFFAE87CA,┎_qきpq,9.23,常カG坝
RPSOMLOLKHMFFAE97CA,epq,32.82,常カG
RPTOMLLJLHMFFBE77CA,き遏憩q,8.35,常カG
RPPOMLOLKHMFFBE77CA,き遏憩q,145.00,常カG
RPQPMLOLKHMFFBE97CA,s砍q|pq,12.95,常カG坝
RPQPMLOLKHMFFBE97CA,s砍q|pq,.09,常カG坝
RPTPMLOLKHMFFBE28CA,s砍qTpq,21.20,常カG坝
RPRNMLLJLHMFFBE47CA,j参qGpq,12.60,常カG坝
RPRNMLNLKHMFFBE77CA,褐Fq,32.92,常カG
RPUNMLQJLHMFFBE28CA,Lバlq,29.50,常カG坝
RPUNMLQJLHMFFBE28CA,Lバlq,2.67,常カGㄤL
RPQOMLOKLHMFFBE87CA,褐eq,29.68,常カG
RPRNMLRKLHMFFBE18CA,d懂dq,19.49,常カG
RPRNMLRKLHMFFBE18CA,d懂dq,5.51,常カG
RPUNMLLLLHMFFBE97CA,Lwxq@pq,15.52,常カG
RPVNMLLLLHMFFBE08CA,Lwxq@pq,15.52,常カG
RPWNMLLLLHMFFBE18CA,Lwxq@pq,40.95,常カG
RPOOMLLLLHMFFBE47CA,Lwxq@pq,40.69,常カG
RPVOMLNKLHMFFBE28CA,s砍qTpq,10.79,常カG坝
RPPOMLQJLHMFFBE87CA,Lバlq,24.00,常カGㄤL
RPROMLQJLHMFFBE08CA,矫Zq,69.00,常カG
RPWNMLNJLHMFFBE18CA,s砍qTpq,9.01,常カG坝
RPOOMLNJLHMFFBE47CA,s砍qTpq,9.01,常カG坝
RPUNMLNLKHMFFBE08CA,s砍q|pq,2.28,常カG坝
RPSNMLMJLHMFFBE67CA,Lバlq,81.00,常カG
RPPOMLLLLHMFFAE47CA,ず暴qKpq,1.50,常カG
RPPOMLLLLHMFFAE47CA,ず暴qKpq,1.36,常カG
RPPOMLLLLHMFFAE47CA,ず暴qKpq,1.50,常カG
RPPOMLLLLHMFFAE47CA,ず暴qKpq,1.07,常カG
SPPOMLLLLHMFFAE57CA,ず暴qKpq,.43,常カGㄤL
RPROMLLLLHMFFAE67CA,ず暴qKpq,3.43,常カG
RPROMLLLLHMFFAE67CA,ず暴qKpq,3.10,常カG
RPROMLLLLHMFFAE67CA,ず暴qKpq,3.43,常カG
RPROMLLLLHMFFAE67CA,ず暴qKpq,2.45,常カG
SPROMLLLLHMFFAE77CA,ず暴qKpq,.98,常カGㄤL
RPTOMLOLKHMFFAE08CA,Cq,29.17,常カG
RPVOMLOLKHMFFAE28CA,痴Уq,58.00,常カG
RPRNMLPLKHMFFAE87CA,e鳜q,3.09,常カG坝
RPOPMLOLKHMFFAE67CA,Cq,16.63,常カG
RPVNMLMJLHMFFAE87CA,Q关q,9.24,常カG坝
RPVNMLMJLHMFFAE87CA,Q关q,8.89,常カG坝
RPWNMLMJLHMFFAE97CA,┎_qきpq,2.33,常カG坝
RPWNMLMJLHMFFAE97CA,┎_qきpq,.30,常カG坝
RPWNMLMJLHMFFAE97CA,┎_qきpq,1.33,常カG坝
RPUNMLQJLHMFFAE18CA,s地qKpq,11.15,常カG坝
RPVNMLNJLHMFFAE97CA,ず暴qせpq,12.31,常カG
RPTNMLNKLHMFFAE87CA,Cq,15.12,常カG坝
RPXNMLRKLHMFFAE68CA,Cq,22.04,常カG坝
RPVNMLTJLHMFFAE58CA,s地qKpq,4.28,常カG坝
RPWOMLQJLHMFFAE48CA,epq,87.32,常カGㄤL
RPTNMLOLKHMFFCE18CA,くRq,52.79,常カG
RPVNMLOLKHMFFCE38CA,风^qTpq,57.00,常カG
RPTNMLLJLHMFFCE77CA,地q,6.55,常カG
RPTNMLLJLHMFFCE77CA,地q,.33,常カG
RPWNMLTJLHMFFCE88CA,坎q,16.95,常カG坝
RPVNMLNKLHMFFCE28CA,Щq,25.41,常カG
RPXNMLNKLHMFFCE48CA,翠Mq@pq,24.77,常カG坝
RPQOMLNKLHMFFCE87CA,翠Mq|pq,35.32,常カG
RPQOMLNKLHMFFCE87CA,翠Mq|pq,5.14,常カG坝
RPSOMLNKLHMFFCE08CA,W获q,78.75,常カG坝
RPSOMLNKLHMFFCE08CA,W获q,31.55,常カG坝
RPSOMLNKLHMFFCE08CA,W获q,.48,常カG坝
RPVPMLNKLHMFFCE48CA,くRq,7.84,常カGu
RPVPMLNKLHMFFCE48CA,くRq,63.40,常カGu
SPVPMLNKLHMFFCE58CA,くRq,5.94,常カGu
SPVPMLNKLHMFFCE58CA,くRq,50.54,常カGu
TPVPMLNKLHMFFCE68CA,くRq,7.84,常カGu
TPVPMLNKLHMFFCE68CA,くRq,63.40,常カGu
UPVPMLNKLHMFFCE78CA,くRq,5.94,常カGu
UPVPMLNKLHMFFCE78CA,くRq,50.54,常カGu
RPXPMLNKLHMFFCE68CA,くRq,67.05,常カGu
RPXPMLNKLHMFFCE68CA,くRq,7.61,常カGu
RPXPMLNKLHMFFCE68CA,くRq,.01,常カGㄤL
SPXPMLNKLHMFFCE78CA,くRq,52.27,常カGu
SPXPMLNKLHMFFCE78CA,くRq,5.70,常カGu
SPXPMLNKLHMFFCE78CA,くRq,.00,常カGㄤL
RPUOMLRKLHMFFCE68CA,Gdq,24.40,常カG坝
RPSNMLOLKHMFFDE18CA,q地q,14.60,常カG坝
RPSNMLOLKHMFFDE18CA,q地q,3.28,常カG坝
RPSNMLOLKHMFFDE18CA,q地q,11.32,常カG坝
RPPOMLOLKHMFFDE97CA,j翠q|pq,4.56,常カG
RPQOMLOLKHMFFDE08CA,芈赚q,1.35,常カG坝
RPQOMLOLKHMFFDE08CA,芈赚q,7.02,常カG坝
RPWOMLKKLHMFFDE28CA,粪Yq,2.94,常カG坝
RPROMLQJLHMFFDE28CA,j伦qTpq,82.00,常カG
RPRNMLSJLHMFFDE38CA,卅wq,65.00,常カG坝
RPSOMLMJLHMFFDE97CA,j肝q@pq,10.66,常カG
RPPOMLTJLHMFFDE38CA,鞣喱q,16.67,常カG
RPTNMLPKLHMFFDE38CA,粪Yq@pq,98.00,常カG
RPXPMLNLKHMFFEE88CA,穿いq@pq,10.91,常カG坝
RPTNMLMJLHMFFEE08CA,オ_q,69.00,常カG
RPOPMLNJLHMFFEE87CA,褐sq,7.20,常カG
RPWPMLMJLHMFFEE58CA,s绍qTpq,3.88,常カG坝
RPWPMLMJLHMFFEE58CA,s褐qEpq,6.13,常カG坝
RPWOMLQJLHMFFEE88CA,谗q@pq,21.29,常カG
RPTNMLOJLHMFFEE28CA,k鳜qきpq,29.67,常カG
RPPOMLKKLHMFFEE67CA,M伦q,78.37,常カG
RPUQMLNKLHMFFEE68CA,w鳜q,99.48,常カG
RPWQMLNKLHMFFEE88CA,|考q,21.41,常カG坝
RPXQMLNKLHMFFEE98CA,|考q,21.51,常カG坝
RPTRMLNKLHMFFEE68CA,罚标qTpq,8.25,常カG坝
RPQNMLPKLHMFFFE28CA,袄Hq,80.67,D常カGm跋 ; D常カswGA贺乜vノa
RPQNMLPKLHMFFFE28CA,袄Hq,137.00,D常カGm跋 ; D常カswGA贺乜vノa
RPXNMLNKLHMFFFE78CA,获sq,61.98,常カGu
RPXNMLNKLHMFFFE78CA,获sq,4.28,常カGu
RPWNMLOKLHMFFFE78CA,茫砍q,89.33,常カG
RPWNMLOKLHMFFFE78CA,茫砍q,76.01,常カG
RPWNMLOLKHMFFGE88CA,きヒq,24.80,常カG
RPOOMLOLKHMFFGE18CA,郴sq,9.60,常カG坝
RPWOMLNLKHMFFGE88CA,D份pq,5.00,常カG
RPRNMLQJLHMFFGE48CA,ゅsq,47.00,常カG
RPRNMLQJLHMFFGE48CA,ゅsq,77.00,常カG
RPQNMLSJLHMFFGE58CA,蝴sq,10.89,常カG
RPSOMLTJLHMFFGE98CA,sヒq,22.26,常カG
RPVQMLSJLHMFFGE76CA,sヒq,28.46,常カG
RPRNMLNKLHMFFGE28CA,地获q,13.09,常カG
RPRNMLNKLHMFFGE28CA,地获q,13.09,常カG
RPUNMLOKLHMFFGE68CA,い[q,39.44,常カG
RPUNMLOKLHMFFGE68CA,い[q,.08,常カG
RPVPMLNLLHMFFGE98CA,λl}q,15.20,常カG
RPWPMLNLLHMFFGE09CA,λl}q,20.95,常カG
RPXPMLNLLHMFFGE56CA,λl}q,20.76,常カG
RPRNMLQKLHMFFGE58CA,Tヒq,13.90,常カG
RPRNMLQKLHMFFGE58CA,Tヒq,58.73,常カG
RPXOMLRKLHMFFGE76CA,郴q,18.82,常カG
RPXOMLNLKHMFFIE56CA,蠹娆q,.61,常カG
RPXOMLNLKHMFFIE56CA,蠹娆q,9.96,常カG
RPXOMLNLKHMFFIE56CA,蠹娆q,.88,常カG
RPPNMLLJLHMFFIE97CA,QLq,75.58,D常カGm跋 ; D常カswGA贺乜vノa
RPQNMLTJLHMFFIE88CA,坚Xq,148.80,常カG
RPPOMLRKLHMFFIE78CA,QLq,38.21,常カGA
RPPOMLRKLHMFFIE78CA,QLq,7.06,常カGA
RPPOMLRKLHMFFIE78CA,QLq,4.67,常カGA
RPPOMLRKLHMFFIE78CA,QLq,476.35,常カGA
RPPOMLRKLHMFFIE78CA,QLq,36.50,常カGA
RPPOMLRKLHMFFIE78CA,QLq,3.41,常カGA
RPUNMLKLLHMFFIE58CA,ゅZq,170.71,常カG
RPRNMLMJLHMFFIE28CA,QHq,12.07,D常カGm跋 ; D常カswGA贺乜vノa
RPRNMLMJLHMFFIE28CA,QHq,4.72,D常カGm跋 ; D常カswGA贺乜vノa
RPQNMLNJLHMFFIE28CA,ッMq,64.33,常カG
RPQNMLNJLHMFFIE28CA,ッMq,413.35,常カG
RPQNMLNJLHMFFIE28CA,ッMq,62.85,常カG
RPQNMLNJLHMFFIE28CA,ッMq,3725.03,常カG
RPQNMLNJLHMFFIE28CA,ッMq,1.44,常カG
RPSNMLKLLHMFFJE48CA,褐璎q,90.61,常カG
RPSNMLKMLHMFFJE58CA,いsq,106.81,常カG
RPPNMLLMLHMFFJE38CA,T|q,2.16,常カG
RPPNMLLMLHMFFJE38CA,T|q,2.34,常カG
RPPNMLLMLHMFFJE38CA,T|q,2.34,常カG
RPPNMLLMLHMFFJE38CA,T|q,1.87,常カG
RPPNMLLMLHMFFJE38CA,T|q,1.87,常カG
RPPNMLLMLHMFFJE38CA,T|q,1.80,常カG
RPQNMLOLKHMFFJE58CA,打ずq,3600.00,D常カGSwA~跋 ; D常カswGAノa
RPVNMLKKLHMFFJE68CA,sq,100.98,D常カGm跋 ; D常カswGA贺乜vノa
RPSNMLLJLHMFFJE38CA,_砍q,22.66,常カG
RPSNMLLJLHMFFJE38CA,_砍q,242.00,常カG
RPQNMLTJLHMFFLE56CA,韦蕉楝q,1554.00,常カGA
RPSNMLTJLHMFFLE76CA,}尸q,121.75,常カG
RPVNMLNJLHMFFLE09CA,匪{q,66.00,常カG
RPWNMLLJLHMFFLE98CA,Lq,139.60,常カG
RPVNMLNKLHMFFLE56CA,くwq,4.91,常カG
RPWNMLNKLHMFFLE66CA,くwq,4.91,常カG
RPXNMLNKLHMFFLE76CA,くwq,4.91,常カG
RPOOMLNKLHMFFLE58CA,くwq,4.91,常カG
RPPOMLNKLHMFFLE68CA,くwq,9.82,常カG
RPQOMLNKLHMFFLE78CA,くwq,4.91,常カG
RPROMLNKLHMFFLE88CA,くwq,4.91,常カG
RPSOMLNKLHMFFLE98CA,くwq,4.91,常カG
RPTOMLNKLHMFFLE09CA,くwq,5.06,常カG
RPUOMLNKLHMFFLE56CA,くwq,4.91,常カG
RPVOMLNKLHMFFLE66CA,くwq,5.06,常カG
RPWOMLNKLHMFFLE76CA,くwq,9.82,常カG
RPXOMLNKLHMFFLE86CA,くwq,4.91,常カG
RPOPMLNKLHMFFLE68CA,くwq,4.91,常カG
RPPPMLNKLHMFFLE78CA,くwq,5.06,常カG
RPQPMLNKLHMFFLE88CA,くwq,4.91,常カG
RPRPMLNKLHMFFLE98CA,くwq,4.91,常カG
RPSPMLNKLHMFFLE09CA,sl郴q,20.64,常カG
RPVNMLSJLHMFFLE96CA,峋兰dq,70.01,常カG
RPXNMLSJLHMFFLE17CA,qiq,51.29,常カG
RPRNMLNJLHMFFLE68CA,ず打q,16.80,常カG
RPSNMLLJLHMFFLE58CA,ず憩q,63.00,常カG坝
RPSNMLOLKHMFFBE08DA,N港q,4.00,常カG坝
RPSNMLOLKHMFFBE08DA,N港q,10.00,常カG坝
RPSNMLOLKHMFFBE08DA,N港q,2.00,常カG坝
RPWOMLOLKHMFFBE58DA,LwxqGpq,6.93,常カG坝
RPRNMLOLKHMFFCE08DA,くRq,64.00,常カG坝
RPRNMLOLKHMFFCE08DA,くRq,10.00,常カG坝
RPRNMLOLKHMFFCE08DA,くRq,41.00,常カG坝
RPROMLLJLHMFFCE77DA,くRq,37.00,常カG坝
RPTNMLKKLHMFFHE38DA,jwq,188.69,常カGㄤL
RPWNMLQJLHMFFIE66DA,到wq,178.37,常カGㄤL
RPOOMLRJLHMFFJE78DA,タqq,85.93,D常カG@牍A~跋 ; D常カswGヒ贺乜vノa
RPQNMLLJLHMFFHE08DA,s绍q,1156.00,D常カG@牍A~跋 ; D常カswGAノa
RPQNMLLJLHMFFHE08DA,s绍q,2346.00,D常カG@牍A~跋 ; D常カswGAノa
RPQNMLLJLHMFFHE08DA,s绍q,1575.00,D常カG@牍A~跋 ; D常カswGAノa
RPQNMLLJLHMFFHE08DA,s绍q,931.00,D常カG@牍A~跋 ; D常カswGAノa
RPQNMLQJLHMFFEE28DA,褐チq,16.53,常カG
RPPOMLOLKHMFFCE97DA,くRq,36.00,常カG坝
RPWNMLOLKHMFFAE38DA,ず暴q|pq,10.25,常カGㄤL
RPWNMLOLKHMFFAE38DA,ず暴q|pq,7.95,常カGㄤL
RPWNMLOLKHMFFAE38DA,ず暴qKpq,10.60,常カGㄤL
RPUOMLOLKHMFFAE28DA,ず暴q|pq,10.56,常カGㄤL
RPVNMLLJLHMFFAE87DA,s地qKpq,7.97,常カG坝
RPSPMLQKLHMFFLE76CA,Ll娩q,40.00,常カG
RPSPMLQKLHMFFLE76CA,Ll娩q,3.00,常カGㄤL
RPTNMLNJLHMFFLE88CA,cl}q,17.45,常カG
RPTNMLNJLHMFFLE88CA,cl}q,67.02,常カG
RPUNMLNJLHMFFLE98CA,cl}q,63.21,常カG
RPUNMLNJLHMFFLE98CA,cl}q,17.45,常カG
RPPNMLTJLHMFFLE09CA,ず打q,16.55,常カG
RPROMLOLKHMFFLE98CA,sl郴q,31.16,常カG
RPPNMLLJLHMFFLE28CA,匪{q,115.00,常カG
RPQNMLLJLHMFFLE38CA,匪{q,23.00,常カG
RPSNMLMJLHMFFLE68CA,βЮq,66.00,常カG
RPPNMLOJLHMFFLE58CA,郴憩q,88.00,常カG
RPSNMLLKLHMFFLE68CA,韦蕉楝q,1224.00,常カGA
RPQNMLNKLHMFFLE68CA,[yq,75.13,常カG
RPQNMLNKLHMFFLE68CA,[yq,11.17,常カG
RPQNMLNKLHMFFLE68CA,[yq,11.58,常カGㄤL
RPQNMLNKLHMFFLE68CA,[yq,1.30,常カG
RPWNMLLJLHMFFJE78CA,古_q,116.85,常カG坝
RPPOMLLJLHMFFJE18CA,吏yq,34.08,D常カGSwA~跋 ; D常カswGAノa
RPPOMLLJLHMFFJE18CA,吏yq,405.12,D常カGSwA~跋 ; D常カswGAノa
RPPOMLLJLHMFFJE18CA,吏yq,3520.05,D常カGSwA~跋 ; D常カswGAノa
RPRNMLMJLHMFFJE38CA,^s犁q,2333.00,D常カGSwA~跋 ; D常カswGAノa
RPUNMLMJLHMFFJE68CA,T|q,3.23,常カG
RPUNMLMJLHMFFJE68CA,T|q,3.23,常カG
RPUNMLMJLHMFFJE68CA,T|q,3.10,常カG
RPPNMLNJLHMFFJE28CA,Fよq,95.54,常カG
RPSNMLOKLHMFFIE68CA,`[q,395.93,常カGA
RPSNMLOKLHMFFIE68CA,`[q,1547.24,常カGA
RPVNMLLLLHMFFJE88CA,nwρq,4.41,D常カGsYaO|跋 ; D常カswGAノa
RPWNMLOKLHMFFJE56CA,_拉q,7.77,D常カG@牍A~跋 ; D常カswG臾Qノa
RPWNMLOKLHMFFJE56CA,_拉q,104.19,D常カGm跋 ; D常カswGA贺乜vノa
RPXNMLOKLHMFFJE66CA,_拉q,1.88,D常カGm跋 ; D常カswGA贺乜vノa
RPXNMLOKLHMFFJE66CA,_拉q,1.88,D常カGm跋 ; D常カswGA贺乜vノa
RPXNMLOKLHMFFJE66CA,_拉q,24.05,D常カGm跋 ; D常カswGA贺乜vノa
RPXNMLOKLHMFFJE66CA,_拉q,96.00,D常カGm跋 ; D常カswGA贺乜vノa
RPXNMLOKLHMFFJE66CA,_拉q,4.68,D常カGm跋 ; D常カswGA贺乜vノa
RPRNMLQKLHMFFJE88CA,醇くq,136.96,常カG
RPPOMLQJLHMFFIE58CA,坚Xq,192.05,常カG
RPWOMLRJLHMFFIE76CA,くiq,579.88,常カG
RPXNMLLLLHMFFIE98CA,蠹娆q,2.80,常カG
RPXNMLLLLHMFFIE98CA,蠹娆q,18.43,常カG
RPXNMLLLLHMFFIE98CA,蠹娆q,17.95,常カG
RPPNMLMLLHMFFIE28CA,Kwq,39.34,常カG
RPPNMLMLLHMFFIE28CA,Kwq,126.00,常カG
RPSNMLPKLHMFFIE78CA,s衄q,16.71,常カG
RPTNMLPKLHMFFIE88CA,s衄q,16.71,常カG
RPVNMLQKLHMFFIE56CA,W墩q,23.10,常カGㄤL
RPVNMLQKLHMFFIE56CA,W墩q,77.64,常カGA
RPVNMLQKLHMFFIE56CA,W墩q,137.14,常カGA
RPVNMLQKLHMFFIE56CA,W墩q,274.28,常カGA
RPVNMLSJLHMFFIE66CA,鞴┈q,64.57,常カG
RPPNMLTJLHMFFIE78CA,くqq,73.11,D常カGm跋 ; D常カswGA贺乜vノa
RPSNMLKKLHMFFIE28CA,坚Xq,240.48,常カG
RPPNMLPLKHMFFIE48CA,sísq,158.49,常カG
RPPOMLLJLHMFFIE08CA,s衄q,1.06,常カG
RPPOMLLJLHMFFIE08CA,s衄q,30.28,常カG
RPPOMLLJLHMFFIE08CA,s衄q,91.00,常カG
RPROMLLJLHMFFIE28CA,λ岈q,24.20,常カG
RPQNMLQKLHMFFGE48CA,きヒq,7.68,常カG坝
RPQNMLQKLHMFFGE48CA,きヒq,7.68,常カG坝
RPVNMLNJLHMFFGE58CA,ゅsq,14.11,常カG
RPRNMLRJLHMFFGE58CA,sヒq,23.30,常カG
RPUOMLMJLHMFFGE48CA,い[q,67.28,常カG
RPUOMLMJLHMFFGE48CA,い[q,.22,常カG
RPROMLLJLHMFFGE08CA,きヒq,49.00,常カG
RPPNMLPLKHMFFGE28CA,s绍lq,47.00,常カG
RPQNMLLJLHMFFGE87CA,ゅsq,82.53,常カG
RPTNMLNKLHMFFFE38CA,ざ关q,20.98,常カG
RPQOMLQJLHMFFFE38CA,QHq,226.03,D常カGm跋 ; D常カswGA贺乜vノa
RPUNMLRJLHMFFFE78CA,￥sq,144.00,常カG坝
RPUNMLRJLHMFFFE78CA,￥sq,1.00,常カG坝
RPTOMLKLLHMFFFE28CA,标いq,168.64,常カG
RPVOMLKLLHMFFFE48CA,郅lq,90.00,D常カGm跋 ; D常カswGA贺乜vノa
RPXOMLQKLHMFFFE56CA,￥sq,9.66,常カG
RPURMLNKLHMFFEE78CA,s绍qQTpq,9.47,常カG坝
RPVRMLNKLHMFFEE88CA,砍订q,27.19,常カG
RPSOMLOKLHMFFEE38CA,[鳜q,8.40,常カG坝
RPSOMLOKLHMFFEE38CA,[鳜q,5.13,常カG
RPOPMLNKLHMFFEE97CA,穿いqGpq,82.65,常カG
RPUOMLTJLHMFFEE98CA,sq,8.44,常カG坝
RPWNMLNKLHMFFEE58CA,k鳜qせpq,143.00,常カG
RPOOMLNKLHMFFEE87CA,垫そqせpq,13.13,常カG
RPQOMLNKLHMFFEE08CA,罚常qTpq,14.68,常カG
RPWOMLQKLHMFFEE98CA,Mキqきpq,16.37,常カG
RPUPMLNJLHMFFEE48CA,罚常qTpq,13.19,常カG坝
RPSNMLPJLHMFFEE28CA,褐sq,7.23,常カG坝
RPUNMLPJLHMFFEE48CA,褐sq,8.53,常カG坝
RPVNMLPJLHMFFEE58CA,褐sq,9.05,常カG坝
RPROMLQJLHMFFEE38CA,k鳜q|pq,47.35,常カGㄤL
RPUPMLSJLHMFFEE98CA,オ_q,39.67,常カG
RPVPMLSJLHMFFEE09CA,[鳜qGpq,36.17,常カG
RPTOMLRJLHMFFEE68CA,罚常qTpq,13.19,常カG坝
RPUOMLRJLHMFFEE78CA,罚常qTpq,13.19,常カG坝
RPVOMLRJLHMFFEE88CA,罚常qTpq,12.67,常カG坝
RPWOMLRJLHMFFEE98CA,罚常qTpq,12.67,常カG坝
RPOPMLRJLHMFFEE28CA,罚常qTpq,6.77,常カG坝
RPRPMLRJLHMFFEE58CA,罚常qTpq,12.67,常カG坝
RPUPMLRJLHMFFEE88CA,罚常qTpq,7.28,常カG坝
RPUNMLMJLHMFFEE18CA,オnq,4.00,常カG
RPUNMLMJLHMFFEE18CA,オnq,2.47,常カGㄤL
RPUOMLMJLHMFFEE28CA,オnq,3.00,常カG
RPUOMLMJLHMFFEE28CA,オnq,3.00,常カG
RPSNMLQKLHMFFDE38CA,滦供鳜q滦供鳏@pq,14.64,常カG
RPUNMLQKLHMFFDE58CA,滦供鳜q滦供鳏@pq,7.32,常カG
RPUNMLQKLHMFFDE58CA,滦供鳜q滦供鳏@pq,7.32,常カG
RPPPMLQKLHMFFDE28CA,WMq,10.16,常カG
RPRNMLMJLHMFFDE77CA,粪Yq,12.37,常カG坝
RPROMLLJLHMFFDE77CA,舴浆q,6.15,常カG坝
RPROMLLJLHMFFDE77CA,舴浆q,6.20,常カG坝
RPROMLNJLHMFFDE97CA,滦供鳜q滦供鳏pq,58.77,常カG
RPVNMLSJLHMFFDE78CA,粪Yq,15.82,常カG坝
RPWNMLTJLHMFFDE98CA,j抖q,11.97,常カG坝
RPPNMLLKLHMFFDE57CA,供醅q,18.58,常カG
RPUOMLOLKHMFFDE48CA,乜超q,11.88,常カG坝
RPWOMLOLKHMFFDE68CA,j翠qGpq,60.00,常カG坝
RPPNMLPLKHMFFDE97CA,W_q,48.02,常カG坝
RPQPMLLLLHMFFCE87CA,sq,28.65,常カG
RPVNMLQKLHMFFCE58CA,┍马q,11.30,常カG
RPWNMLQKLHMFFCE68CA,sq,32.47,常カG
RPSNMLQKLHMFFCE28CA,W获q,174.53,常カG
RPWPMLNKLHMFFCE58CA,くRq,90.91,常カGu
RPWPMLNKLHMFFCE58CA,くRq,10.22,常カGu
RPWPMLNKLHMFFCE58CA,くRq,.01,常カGㄤL
RPPPMLNKLHMFFCE87CA,┍马qGpq,9.49,常カG
RPOOMLKKLHMFFCE37CA,くRq,7.84,常カGu
RPOOMLKKLHMFFCE37CA,くRq,63.40,常カGu
RPOOMLSJLHMFFCE08CA,风^qTpq,62.00,常カG
RPPNMLPJLHMFFCE77CA,舅wqGpq,13.72,常カG坝
RPQNMLMKLHMFFCE67CA,くRq,57.00,常カG
RPTNMLNKLHMFFCE08CA,┍马qGpq,9.25,常カG
RPUNMLNKLHMFFCE18CA,┍马qGpq,9.35,常カG
RPWOMLQJLHMFFCE68CA,风^qきpq,35.06,常カG
RPQOMLLJLHMFFCE57CA,风订qGpq,79.00,常カG
RPQOMLOLKHMFFCE97CA,翠Yq,23.30,常カG
RPQPMLQJLHMFFAE97CA,sいq,17.15,常カG坝
RPROMLNKLHMFFAE77CA,┎_qきpq,8.37,常カG坝
RPUNMLLLLHMFFAE87CA,Cq,24.61,常カG
RPVNMLQKLHMFFAE38CA,砍くq,107.51,常カG坝
RPUNMLKKLHMFFAE67CA,s地qKpq,12.74,常カG坝
RPQNMLNJLHMFFAE47CA,epq,31.56,常カG
RPXOMLOLKHMFFAE48CA,s地qGpq,28.10,常カG
RPVOMLMJLHMFFBE08CA,j参q@pq,10.38,常カG
RPWOMLMJLHMFFBE18CA,j参q@pq,10.38,常カG
RPSOMLNJLHMFFBE87CA,Lwxq,57.00,常カG
RPRNMLRJLHMFFBE08CA,き遏憩q,28.00,常カG
RPWNMLQJLHMFFBE48CA,Θ\q,40.46,常カG坝
RPTNMLKKLHMFFBE67CA,きvq,73.00,常カG
