s腹,ó烀O,ó旎,ó飙笨nキよそへ
RPUNMLRLKILFFIF86CC,@加キ,0,42.81
RPUNMLRLKILFFIF86CC,@加キ,0,42.81
RPUNMLRLKILFFIF86CC,@加キ,0,42.81
RPUNMLRLKILFFIF86CC,@加キ,0,42.81
RPQNMLPKJHMFFEF28CC,YDキ,0,4.54
RPQQMLQKKHMFFEF78CC,YDキ,0,35.93
RPTOMLQKKHMFFDF78CC,YDキ,0,
RPVOMLQKKHMFFIF86CC,YDキ,0,22.81
RPXOMLQKKHMFFIF07CC,YDキ,0,38.03
RPQPMLQKKHMFFIF09CC,YDキ,0,27.98
RPRPMLQKKHMFFIF56CC,YDキ,0,34.09
RPTPMLQKKHMFFIF76CC,YDキ,0,30.05
RPVNMLRKKHMFFCF88CC,YDキ,0,26.42
RPQOMLRKKHMFFHF98CC,YDキ,0,
RPQOMLRKKHMFFHF98CC,YDキ,0,
RPOPMLRKKHMFFHF88CC,YDキ,0,
RPOPNLRKKHMFFBF38CC,YDキ,0,29.87
RPUOMLSKKHMFFBF88CC,YDキ,0,17.50
RPWOMLSKKHMFFBF09CC,YDキ,0,38.84
RPVNMLSKKHMFFIF96CC,YDキ,0,20.49
RPPNMLKLKHMFFBF57CC,YDキ,0,31.53
RPVRMLKLKHMFFBF58CC,YDキ,0,34.38
RPWRMLKLKHMFFBF68CC,YDキ,0,34.76
RPQNMLLLKHMFFGF28CC,YDキ,0,43.32
RPQNMLLLKHMFFGF28CC,YDキ,0,43.32
RPPPMLLLKHMFFBF87CC,YDキ,0,14.60
RPRNMLMLKHMFFIF68CC,YDキ,0,38.04
RPQNMLMLKHMFFBF87CC,YDキ,0,34.95
RPQOMLMLKHMFFBF97CC,YDキ,0,34.38
RPSPMLMLKHMFFBF28CC,YDキ,0,
RPWPMLMLKHMFFBF68CC,YDキ,0,29.87
RPVOMLMLKHMFFDF68CC,YDキ,0,37.10
RPXNMLNLKHMFFDF88CC,YDキ,0,
RPRNMLOLKHMFFCF38DC,YDキ,0,
RPPOMLOLKHMFFAF97CC,YDキ,0,
RPPOMLOLKHMFFEF38CC,YDキ,0,29.92
RPQOMLOLKHMFFEF48CC,YDキ,0,28.50
RPXOMLOLKHMFFBF88CC,YDキ,0,
RPPQMLOLKHMFFBF28CC,YDキ,0,27.30
